"Id","OwnerId","IsDeleted","Name","CreatedDate","CreatedById","LastModifiedDate","LastModifiedById","SystemModstamp","LastViewedDate","LastReferencedDate","LLC_BI__Active__c","LLC_BI__Current_Value__c","LLC_BI__Description__c","LLC_BI__Effective_Date__c","LLC_BI__External_Source__c","LLC_BI__Index__c","LLC_BI__Modification_Schedule__c","LLC_BI__lookupKey__c"
"a3N79000000jaHoEAI","0058c00000BxeO9AAJ","false","Premier Rate","2024-08-26T17:19:05.000Z","0058c00000BxeO9AAJ","2024-08-26T17:19:05.000Z","0058c00000BxeO9AAJ","2024-08-26T17:19:05.000Z","","","true","3.5","Internal Rate, Hard Coded","2023-04-17T19:00:00.000Z","","Premier_Rate","12","049tuwprtuw04"
"a3N79000000jaHpEAI","0058c00000BxeO9AAJ","false","1 Month LIBOR Rate","2024-08-26T17:19:05.000Z","0058c00000BxeO9AAJ","2024-08-26T17:19:05.000Z","0058c00000BxeO9AAJ","2024-08-26T17:19:05.000Z","","","true","0.749","Daily, Not Seasonally Adjusted, Based onU.S Dollar USD2MTD156N","2025-05-28T16:54:00.000Z","fred.stlouisfed.org/series/USD1MTD156N","LIBOR_mo_1","365","a3N8c000001mjbPEAQ"
"a3N79000000jaHqEAI","0058c00000BxeO9AAJ","false","WSJ Prime Rate","2024-08-26T17:19:05.000Z","0058c00000BxeO9AAJ","2024-08-26T17:19:05.000Z","0058c00000BxeO9AAJ","2024-08-26T17:19:05.000Z","","","true","3.75","Daily, Not Seasonally Adjusted, DPRIME","2025-05-28T16:53:00.000Z","fred.stlouisfed.org/series/DPRIME","Prime_FRED","365","a3Ni0000000pYLBEA213245"
"a3NDk000000qSaAMAU","0058c00000BxeO9AAJ","false","Rate 1","2025-02-25T12:15:03.000Z","0058c00000BxeO9AAJ","2025-02-25T12:15:03.000Z","0058c00000BxeO9AAJ","2025-02-25T12:15:03.000Z","2025-02-25T12:15:07.000Z","2025-02-25T12:15:07.000Z","true","","","","","","","42186449111866350"
"a3NDk000000qSaFMAU","0058c00000BxeO9AAJ","false","Rate 2","2025-02-25T12:15:09.000Z","0058c00000BxeO9AAJ","2025-02-25T12:15:09.000Z","0058c00000BxeO9AAJ","2025-02-25T12:15:09.000Z","2025-02-25T12:15:10.000Z","2025-02-25T12:15:10.000Z","true","","","","","","","42509252236025327"
"a3NDk000000qSaKMAU","0058c00000BxeO9AAJ","false","3 mon Rate","2025-02-25T12:15:18.000Z","0058c00000BxeO9AAJ","2025-02-25T12:15:18.000Z","0058c00000BxeO9AAJ","2025-02-25T12:15:18.000Z","2025-02-25T12:15:19.000Z","2025-02-25T12:15:19.000Z","true","","","","","","","42946330446778144"
"a3NDk000000qSaPMAU","0058c00000BxeO9AAJ","false","1 mon rate","2025-02-25T12:15:25.000Z","0058c00000BxeO9AAJ","2025-02-25T12:15:25.000Z","0058c00000BxeO9AAJ","2025-02-25T12:15:25.000Z","2025-02-25T12:15:27.000Z","2025-02-25T12:15:27.000Z","true","","","","","","","42651830090250659"
"a3NDk000000qSaUMAU","0058c00000BxeO9AAJ","false","4 mon rate","2025-02-25T12:15:34.000Z","0058c00000BxeO9AAJ","2025-02-25T12:15:34.000Z","0058c00000BxeO9AAJ","2025-02-25T12:15:34.000Z","2025-02-25T12:15:36.000Z","2025-02-25T12:15:36.000Z","true","","","","","","","42907934090409123"
"a3NDk000000qSaZMAU","0058c00000BxeO9AAJ","false","5 mon rate","2025-02-25T12:15:41.000Z","0058c00000BxeO9AAJ","2025-02-25T12:15:41.000Z","0058c00000BxeO9AAJ","2025-02-25T12:15:41.000Z","2025-02-25T12:15:42.000Z","2025-02-25T12:15:42.000Z","true","","","","","","","42593309957558959"
"a3NDk000000qSaeMAE","0058c00000BxeO9AAJ","false","Sales rate","2025-02-25T12:15:56.000Z","0058c00000BxeO9AAJ","2025-02-25T12:15:56.000Z","0058c00000BxeO9AAJ","2025-02-25T12:15:56.000Z","2025-02-25T12:15:57.000Z","2025-02-25T12:15:57.000Z","true","","","","","","","42305941901813675"
"a3NDk000000qSajMAE","0058c00000BxeO9AAJ","false","Product rate","2025-02-25T12:16:25.000Z","0058c00000BxeO9AAJ","2025-02-25T12:16:25.000Z","0058c00000BxeO9AAJ","2025-02-25T12:16:25.000Z","2025-02-25T12:16:26.000Z","2025-02-25T12:16:26.000Z","true","","","","","","","42259532523356428"
"a3NDk000000qSayMAE","0058c00000BxeO9AAJ","false","5 month rate","2025-02-25T13:20:31.000Z","0058c00000BxeO9AAJ","2025-02-25T13:20:31.000Z","0058c00000BxeO9AAJ","2025-02-25T13:20:31.000Z","2025-02-25T13:20:33.000Z","2025-02-25T13:20:33.000Z","true","","","","","","","42948019391535893"
"a3NDk000000qSb3MAE","0058c00000BxeO9AAJ","false","6 mon rate","2025-02-25T13:20:39.000Z","0058c00000BxeO9AAJ","2025-02-25T13:20:39.000Z","0058c00000BxeO9AAJ","2025-02-25T13:20:39.000Z","2025-02-25T13:20:40.000Z","2025-02-25T13:20:40.000Z","true","","","","","","","42404230737008143"
"a3NDk000000qSb8MAE","0058c00000BxeO9AAJ","false","semi annually rate","2025-02-25T13:20:48.000Z","0058c00000BxeO9AAJ","2025-02-25T13:20:48.000Z","0058c00000BxeO9AAJ","2025-02-25T13:20:48.000Z","2025-02-25T13:20:50.000Z","2025-02-25T13:20:50.000Z","true","","","","","","","42511477977554487"
"a3NDk000000qSbDMAU","0058c00000BxeO9AAJ","false","Annual rate","2025-02-25T13:20:56.000Z","0058c00000BxeO9AAJ","2025-02-25T13:20:56.000Z","0058c00000BxeO9AAJ","2025-02-25T13:20:56.000Z","2025-02-25T13:20:57.000Z","2025-02-25T13:20:57.000Z","true","","","","","","","42659207407553001"
"a3NDk000000qSbIMAU","0058c00000BxeO9AAJ","false","24 mont rates","2025-02-25T13:21:05.000Z","0058c00000BxeO9AAJ","2025-02-25T13:21:05.000Z","0058c00000BxeO9AAJ","2025-02-25T13:21:05.000Z","2025-02-25T13:21:07.000Z","2025-02-25T13:21:07.000Z","true","","","","","","","42718812836154182"
"a3NDk000000qSyqMAE","0058c00000BxeO9AAJ","false","EX 1","2025-02-27T10:06:07.000Z","0058c00000BxeO9AAJ","2025-02-27T10:06:07.000Z","0058c00000BxeO9AAJ","2025-02-27T10:06:07.000Z","2025-02-27T10:06:11.000Z","2025-02-27T10:06:11.000Z","true","","","","","","","42319406851425379"
"a3NDk000000qSyvMAE","0058c00000BxeO9AAJ","false","EX 2","2025-02-27T10:06:13.000Z","0058c00000BxeO9AAJ","2025-02-27T10:06:13.000Z","0058c00000BxeO9AAJ","2025-02-27T10:06:13.000Z","2025-02-27T10:06:16.000Z","2025-02-27T10:06:16.000Z","true","","","","","","","42925952633374058"
"a3NDk000000qSz0MAE","0058c00000BxeO9AAJ","false","EX 3","2025-02-27T10:06:19.000Z","0058c00000BxeO9AAJ","2025-02-27T10:06:19.000Z","0058c00000BxeO9AAJ","2025-02-27T10:06:19.000Z","2025-02-27T10:06:21.000Z","2025-02-27T10:06:21.000Z","true","","","","","","","42648021277326339"
"a3NDk000000qSz5MAE","0058c00000BxeO9AAJ","false","EX 4","2025-02-27T10:06:25.000Z","0058c00000BxeO9AAJ","2025-02-27T10:06:25.000Z","0058c00000BxeO9AAJ","2025-02-27T10:06:25.000Z","2025-02-27T10:06:27.000Z","2025-02-27T10:06:27.000Z","true","","","","","","","42809563415407245"
"a3NDk000000qSzFMAU","0058c00000BxeO9AAJ","false","Tax rate","2025-02-27T10:07:43.000Z","0058c00000BxeO9AAJ","2025-02-27T10:07:43.000Z","0058c00000BxeO9AAJ","2025-02-27T10:07:43.000Z","2025-02-27T10:07:45.000Z","2025-02-27T10:07:45.000Z","true","","","","","","","42924000885001334"
"a3NDk000000qSzKMAU","0058c00000BxeO9AAJ","false","New rate","2025-02-27T10:07:51.000Z","0058c00000BxeO9AAJ","2025-02-27T10:07:51.000Z","0058c00000BxeO9AAJ","2025-02-27T10:07:51.000Z","2025-02-27T10:08:28.000Z","2025-02-27T10:08:28.000Z","true","","","","","","","42772627535846582"
