"Id","OwnerId","IsDeleted","Name","CreatedDate","CreatedById","LastModifiedDate","LastModifiedById","SystemModstamp","LastActivityDate","LastViewedDate","LastReferencedDate","ConnectionReceivedId","ConnectionSentId","nFORCE__Disable_Print__c","nFORCE__Show_Link_To_Context_Object__c","nFORCE__lookupKey__c","nFORCE__Disable_Read_Only_View__c","nPortal__Add_Multi_Record_Display_Icon__c","nPortal__Maximum_Number_of_Records__c","nPortal__Minimum_Number_of_Records__c","nPortal__OA_Review_Multiple_Record_Entry_Label__c"
"a2GHo000001ueI4MAI","005Ho00000AXM6UIAX","","Enhanced Fees Management","2023-10-31T13:56:27.000Z","005Ho00000AXM6UIAX","2023-11-03T19:39:26.000Z","005Ho00000AXM6UIAX","","","","","","","false","true","42519280233404703","false","","","",""
"a2GHo000001ueI5MAI","005Ho00000AXM6UIAX","","System Properties","2023-10-31T13:56:27.000Z","005Ho00000AXMAwIAP","2023-11-03T19:39:28.000Z","005Ho00000AXM6UIAX","","","","","","","false","true","42283576814580241","false","","","",""
"a2GHo000001ueI6MAI","005Ho00000AXM6UIAX","","Editable Fields","2023-10-31T13:56:27.000Z","005Ho00000AXM6UIAX","2023-10-31T13:56:27.000Z","005Ho00000AXM6UIAX","","","","","","","false","true","30481620937671566","false","","","",""
"a2GHo000001ueIrMAI","005Ho00000AXM6UIAX","","Counterparty Report Topbar","2023-10-31T13:56:27.000Z","005Ho00000AXM6UIAX","2023-11-03T19:39:26.000Z","005Ho00000AXM6UIAX","","","","","","","false","true","42851832252859441","false","","","",""
"a2GHo000001ueIsMAI","005Ho00000AXM6UIAX","","Treasury Service Maintenance","2023-10-31T13:56:27.000Z","005Ho00000AXM6UIAX","2023-11-03T19:39:26.000Z","005Ho00000AXM6UIAX","","","","","","","false","true","42992811933823016","false","","","",""
"a2GHo000001ueItMAI","005Ho00000AXM6UIAX","","Available Screen Sections","2023-10-31T13:56:27.000Z","005Ho00000AXM6UIAX","2023-11-03T19:39:26.000Z","005Ho00000AXM6UIAX","","","","","","","false","true","42518046726897075","false","","","",""
"a2GHo000001ueIuMAI","005Ho00000AXM6UIAX","","Available Screen Sections","2023-10-31T13:56:27.000Z","005Ho00000AXM6UIAX","2023-11-03T19:39:26.000Z","005Ho00000AXM6UIAX","","","","","","","false","true","42026428621205577","false","","","",""
"a2GHo000001ueIvMAI","005Ho00000AXM6UIAX","","Available Screen Sections","2023-10-31T13:56:27.000Z","005Ho00000AXM6UIAX","2023-11-03T19:39:26.000Z","005Ho00000AXM6UIAX","","","","","","","false","true","42668947043259055","false","","","",""
"a2GHo000001ueIwMAI","005Ho00000AXM6UIAX","","nCino UI Configuration Builder","2023-10-31T13:56:27.000Z","005Ho00000AXMAwIAP","2023-11-03T19:39:26.000Z","005Ho00000AXM6UIAX","","","","","","","false","true","42311862257375707","false","","","",""
"a2GHo000001ueIxMAI","005Ho00000AXMAxIAP","","All Loan Facilities","2023-10-31T13:56:27.000Z","005Ho00000AXMAxIAP","2023-10-31T13:56:27.000Z","005Ho00000AXMAxIAP","","","","","","","false","true","dmwui-42861164296","false","","","",""
"a2GHo000001ueIyMAI","005Ho00000AXMAxIAP","","Row Edit","2023-10-31T13:56:27.000Z","005Ho00000AXMAxIAP","2023-10-31T13:56:27.000Z","005Ho00000AXMAxIAP","","","","","","","false","true","dmwui-42307143918","false","","","",""
"a2GHo000001ueIzMAI","005Ho00000AXMAxIAP","","All Treasury Services","2023-10-31T13:56:27.000Z","005Ho00000AXMAxIAP","2023-10-31T13:56:27.000Z","005Ho00000AXMAxIAP","","","","","","","false","true","dmwui-42393982789","false","","","",""
"a2GHo000001ueJ0MAI","005Ho00000AXMAxIAP","","Bulk Edit","2023-10-31T13:56:27.000Z","005Ho00000AXMAxIAP","2023-10-31T13:56:27.000Z","005Ho00000AXMAxIAP","","","","","","","false","true","dmwui-42975216429","false","","","",""
"a2GHo000001ueJ1MAI","005Ho00000AXMAxIAP","","Row Edit","2023-10-31T13:56:27.000Z","005Ho00000AXMAxIAP","2023-10-31T13:56:27.000Z","005Ho00000AXMAxIAP","","","","","","","false","true","dmwui-42142100344","false","","","",""
"a2GHo000001ueJ2MAI","005Ho00000AXM6UIAX","","Collateral Summary","2023-10-31T13:56:27.000Z","005Ho00000AXM6UIAX","2023-10-31T13:56:27.000Z","005Ho00000AXM6UIAX","","","","","","","false","true","a2GHo000001ueJ2MAI","false","","","",""
"a2GHo000001ueJ3MAI","005Ho00000AXM6UIAX","","Collateral Details","2023-10-31T13:56:27.000Z","005Ho00000AXM6UIAX","2023-10-31T13:56:27.000Z","005Ho00000AXM6UIAX","","","","","","","false","true","a2GHo000001ueJ3MAI","false","","","",""
"a2GHo000001ueJ4MAI","005Ho00000AXM6UIAX","","Certifications","2023-10-31T13:56:27.000Z","005Ho00000AXM6UIAX","2023-10-31T13:56:27.000Z","005Ho00000AXM6UIAX","","","","","","","false","true","a2GHo000001ueOsMAI","false","","","",""
"a2GHo000001ueJ5MAI","005Ho00000AXM6UIAX","","Total Exposure Screen","2023-10-31T13:56:27.000Z","005Ho00000AXM6UIAX","2023-11-03T19:39:26.000Z","005Ho00000AXM6UIAX","","","","","","","false","true","42278923698642823","false","","","",""
"a2GHo000001ueJ6MAI","005Ho00000AXM6UIAX","","Participation","2023-10-31T13:56:27.000Z","005Ho00000AXM6UIAX","2023-11-03T19:39:26.000Z","005Ho00000AXM6UIAX","","","","","","","false","true","42255938324133066","false","","","",""
"a2GHo000001ueJ7MAI","005Ho00000AXM6UIAX","","Syndications Summary","2023-10-31T13:56:27.000Z","005Ho00000AXM6UIAX","2023-11-03T19:39:26.000Z","005Ho00000AXM6UIAX","","","","","","","false","true","42254700713997327","false","","","",""
"a2GHo000001ueJ8MAI","005Ho00000AXM6UIAX","","Counterparty Report","2023-10-31T13:56:27.000Z","005Ho00000AXM6UIAX","2023-11-03T19:39:26.000Z","005Ho00000AXM6UIAX","","","","","","","false","true","42582982089307696","false","","","",""
"a2GHo000001ueJ9MAI","005Ho00000AXM6UIAX","","Total Exposure","2023-10-31T13:56:27.000Z","005Ho00000AXM6UIAX","2023-11-03T19:39:26.000Z","005Ho00000AXM6UIAX","","","","","","","false","true","42159428573333161","false","","","",""
"a2GHo000001ueJAMAY","005Ho00000AXM6UIAX","","Loan Details","2023-10-31T13:56:27.000Z","005Ho00000AXM6UIAX","2023-11-03T19:39:26.000Z","005Ho00000AXM6UIAX","","","","","","","false","true","42477760115293706","false","","","",""
"a2GHo000001ueJBMAY","005Ho00000AXM6UIAX","","Pricing","2023-10-31T13:56:27.000Z","005Ho00000AXM6UIAX","2023-11-03T19:39:26.000Z","005Ho00000AXM6UIAX","","","","","","","false","true","42603748046132357","false","","","",""
"a2GHo000001ueJCMAY","005Ho00000AXM6UIAX","","Rate Structure","2023-10-31T13:56:27.000Z","005Ho00000AXM6UIAX","2023-11-03T19:39:26.000Z","005Ho00000AXM6UIAX","","","","","","","false","true","42306104470834702","false","","","",""
"a2GHo000001ueJDMAY","005Ho00000AXM6UIAX","","Payment Structure","2023-10-31T13:56:27.000Z","005Ho00000AXM6UIAX","2023-11-03T19:39:26.000Z","005Ho00000AXM6UIAX","","","","","","","false","true","42845770103705580","false","","","",""
"a2GHo000001ueJEMAY","005Ho00000AXM6UIAX","","Referral","2023-10-31T13:56:27.000Z","005Ho00000AXM6UIAX","2023-11-03T19:39:26.000Z","005Ho00000AXM6UIAX","","","","","","","false","true","42410404119994869","false","","","",""
"a2GHo000001ueJFMAY","005Ho00000AXM6UIAX","","Balance Details","2023-10-31T13:56:27.000Z","005Ho00000AXM6UIAX","2023-11-03T19:39:26.000Z","005Ho00000AXM6UIAX","","","","","","","false","true","42506447999100246","false","","","",""
"a2GHo000001ueJGMAY","005Ho00000AXM6UIAX","","Booked Details","2023-10-31T13:56:27.000Z","005Ho00000AXM6UIAX","2023-11-03T19:39:26.000Z","005Ho00000AXM6UIAX","","","","","","","false","true","42226870141912786","false","","","",""
"a2GHo000001ueJHMAY","005Ho00000AXM6UIAX","","Borrowing Structure Information","2023-10-31T13:56:27.000Z","005Ho00000AXM6UIAX","2023-11-03T19:39:26.000Z","005Ho00000AXM6UIAX","","","","","","","false","true","42342881603800273","false","","","",""
"a2GHo000001ueJIMAY","005Ho00000AXM6UIAX","","CRA Screen","2023-10-31T13:56:27.000Z","005Ho00000AXM6UIAX","2023-11-03T19:39:26.000Z","005Ho00000AXM6UIAX","","","","","","","false","true","42768158053098535","false","","","",""
"a2GHo000001ueJJMAY","005Ho00000AXM6UIAX","","HMDA Screen 1","2023-10-31T13:56:27.000Z","005Ho00000AXM6UIAX","2023-11-03T19:39:26.000Z","005Ho00000AXM6UIAX","","","","","","","false","true","42870475258935934","false","","","",""
"a2GHo000001ueJKMAY","005Ho00000AXM6UIAX","","Entity Compliance Screen","2023-10-31T13:56:27.000Z","005Ho00000AXM6UIAX","2023-11-03T19:39:26.000Z","005Ho00000AXM6UIAX","","","","","","","false","true","42346461972245017","false","","","",""
"a2GHo000001ueJLMAY","005Ho00000AXM6UIAX","","Loan Compliance Screen","2023-10-31T13:56:27.000Z","005Ho00000AXM6UIAX","2023-11-03T19:39:26.000Z","005Ho00000AXM6UIAX","","","","","","","false","true","42366262690465820","false","","","",""
"a2GHo000001ueJMMAY","005Ho00000AXM6UIAX","","Entity Compliance Screen","2023-10-31T13:56:27.000Z","005Ho00000AXM6UIAX","2023-11-03T19:39:26.000Z","005Ho00000AXM6UIAX","","","","","","","false","true","42359232390869881","false","","","",""
"a2GHo000001ueJNMAY","005Ho00000AXM6UIAX","","Loan Compliance Screen","2023-10-31T13:56:27.000Z","005Ho00000AXM6UIAX","2023-11-03T19:39:26.000Z","005Ho00000AXM6UIAX","","","","","","","false","true","42832806785932622","false","","","",""
"a2GHo000001ueJOMAY","005Ho00000AXM6UIAX","","Change Memo","2023-10-31T13:56:27.000Z","005Ho00000AXM6UIAX","2023-11-03T19:39:26.000Z","005Ho00000AXM6UIAX","","","","","","","false","true","42432836327202375","false","","","",""
"a2GHo000001ueJQMAY","005Ho00000AXM6UIAX","","Team Members","2023-10-31T13:56:27.000Z","005Ho00000AXM6UIAX","2023-11-03T19:39:26.000Z","005Ho00000AXM6UIAX","","","","","","","false","true","42296036791553577","false","","","",""
"a2GHo000001ueJRMAY","005Ho00000AXM6UIAX","","Manage Bill Points","2023-10-31T13:56:27.000Z","005Ho00000AXM6UIAX","2023-11-03T19:39:26.000Z","005Ho00000AXM6UIAX","","","","","","","false","true","42238686668345765","false","","","",""
"a2GHo000001ueJSMAY","005Ho00000AXM6UIAX","","Loan Compliance Screen","2023-10-31T13:56:27.000Z","005Ho00000AXM6UIAX","2023-11-03T19:39:26.000Z","005Ho00000AXM6UIAX","","","","","","","false","true","42154138192718696","false","","","",""
"a2GHo000001ueJTMAY","005Ho00000AXM6UIAX","","Product Package Collateral2","2023-10-31T13:56:27.000Z","005Ho00000AXM6UIAX","2023-11-03T19:39:26.000Z","005Ho00000AXM6UIAX","","","","","","","false","true","42456617561636458","false","","","",""
"a2GHo000001ueJUMAY","005Ho00000AXM6UIAX","","pp-tn-review-detail","2023-10-31T13:56:27.000Z","005Ho00000AXM6UIAX","2023-11-03T19:39:26.000Z","005Ho00000AXM6UIAX","","","","","","","false","true","42265516270396018","false","","","",""
"a2GHo000001ueJVMAY","005Ho00000AXM6UIAX","","Proforma Options","2023-10-31T13:56:27.000Z","005Ho00000AXM6UIAX","2023-11-03T19:39:26.000Z","005Ho00000AXM6UIAX","","","","","","","false","true","42127455761752627","false","","","",""
"a2GHo000001ueJWMAY","005Ho00000AXM6UIAX","","Application Details","2023-10-31T13:56:27.000Z","005Ho00000AXMB5IAP","2023-11-03T19:39:26.000Z","005Ho00000AXM6UIAX","","","","","","","false","true","42659629105416955","false","","","",""
"a2GHo000001ueJXMAY","005Ho00000AXM6UIAX","","Underwriting Details","2023-10-31T13:56:27.000Z","005Ho00000AXMB5IAP","2023-11-03T19:39:26.000Z","005Ho00000AXM6UIAX","","","","","","","false","true","42520577919445796","false","","","",""
"a2GHo000001ueJYMAY","005Ho00000AXM6UIAX","","Collateral2","2023-10-31T13:56:27.000Z","005Ho00000AXM6UIAX","2023-11-03T19:39:26.000Z","005Ho00000AXM6UIAX","","","","","","","false","true","42716660961482717","false","","","",""
"a2GHo000001ueJZMAY","005Ho00000AXM6UIAX","","Underwriting Details","2023-10-31T13:56:27.000Z","005Ho00000AXMB5IAP","2023-11-03T19:39:26.000Z","005Ho00000AXM6UIAX","","","","","","","false","true","42983688617809083","false","","","",""
"a2GHo000001ueJaMAI","005Ho00000AXM6UIAX","","Application Details","2023-10-31T13:56:27.000Z","005Ho00000AXMB5IAP","2023-11-03T19:39:26.000Z","005Ho00000AXM6UIAX","","","","","","","false","true","42393241259581911","false","","","",""
"a2GHo000001ueJbMAI","005Ho00000AXM6UIAX","","Underwriting Details","2023-10-31T13:56:27.000Z","005Ho00000AXMB5IAP","2023-11-03T19:39:26.000Z","005Ho00000AXM6UIAX","","","","","","","false","true","42866893089137191","false","","","",""
"a2GHo000001ueJcMAI","005Ho00000AXM6UIAX","","Application Details","2023-10-31T13:56:27.000Z","005Ho00000AXMB5IAP","2023-11-03T19:39:26.000Z","005Ho00000AXM6UIAX","","","","","","","false","true","42607933161237870","false","","","",""
"a2GHo000001ueJdMAI","005Ho00000AXM6UIAX","","Underwriting Details","2023-10-31T13:56:27.000Z","005Ho00000AXMB5IAP","2023-11-03T19:39:26.000Z","005Ho00000AXM6UIAX","","","","","","","false","true","42755114587290036","false","","","",""
"a2GHo000001ueJeMAI","005Ho00000AXM6UIAX","","Application Details","2023-10-31T13:56:27.000Z","005Ho00000AXMB5IAP","2023-11-03T19:39:26.000Z","005Ho00000AXM6UIAX","","","","","","","false","true","42286887929986442","false","","","",""
"a2GHo000001ueJfMAI","005Ho00000AXM6UIAX","","Underwriting Details","2023-10-31T13:56:27.000Z","005Ho00000AXMB5IAP","2023-11-03T19:39:26.000Z","005Ho00000AXM6UIAX","","","","","","","false","true","42204392997691879","false","","","",""
"a2GHo000001ueJgMAI","005Ho00000AXM6UIAX","","Third Party Management","2023-10-31T13:56:27.000Z","005Ho00000AXMB5IAP","2023-11-03T19:39:26.000Z","005Ho00000AXM6UIAX","","","","","","","false","true","42411851997942573","false","","","",""
"a2GHo000001ueJhMAI","005Ho00000AXM6UIAX","","Loan Details-Retail","2023-10-31T13:56:27.000Z","005Ho00000AXM6UIAX","2023-11-03T19:39:26.000Z","005Ho00000AXM6UIAX","","","","","","","false","true","623454651543256","false","","","",""
"a2GHo000001ueJiMAI","005Ho00000AXM6UIAX","","Borrowing Structure Information","2023-10-31T13:56:27.000Z","005Ho00000AXM6UIAX","2023-11-03T19:39:26.000Z","005Ho00000AXM6UIAX","","","","","","","false","true","02551560278745076","false","","","",""
"a2GHo000001ueJjMAI","005Ho00000AXM6UIAX","","Underwriting Details","2023-10-31T13:56:27.000Z","005Ho00000AXMB5IAP","2023-11-03T19:39:26.000Z","005Ho00000AXM6UIAX","","","","","","","false","true","42281206255813701","false","","","",""
"a2GHo000001ueJkMAI","005Ho00000AXM6UIAX","","Application Details","2023-10-31T13:56:27.000Z","005Ho00000AXMB5IAP","2023-11-03T19:39:26.000Z","005Ho00000AXM6UIAX","","","","","","","false","true","42416387574958178","false","","","",""
"a2GHo000001ueJlMAI","005Ho00000AXM6UIAX","","Application Details","2023-10-31T13:56:27.000Z","005Ho00000AXMB5IAP","2023-11-03T19:39:26.000Z","005Ho00000AXM6UIAX","","","","","","","false","true","42614756889733027","false","","","",""
"a2GHo000001ueJmMAI","005Ho00000AXM6UIAX","","Underwriting Details","2023-10-31T13:56:27.000Z","005Ho00000AXMB5IAP","2023-11-03T19:39:26.000Z","005Ho00000AXM6UIAX","","","","","","","false","true","42306617109093353","false","","","",""
"a2GHo000001ueJnMAI","005Ho00000AXM6UIAX","","Change Memo","2023-10-31T13:56:27.000Z","005Ho00000AXM6UIAX","2023-11-03T19:39:26.000Z","005Ho00000AXM6UIAX","","","","","","","false","true","60941560278867078","false","","","",""
"a2GHo000001ueJoMAI","005Ho00000AXM6UIAX","","Fees Summary","2023-10-31T13:56:27.000Z","005Ho00000AXM6UIAX","2023-11-03T19:39:26.000Z","005Ho00000AXM6UIAX","","","","","","","false","true","46241560278867078","false","","","",""
"a2GHo000001ueJpMAI","005Ho00000AXM6UIAX","","Loan Details-Retail","2023-10-31T13:56:27.000Z","005Ho00000AXM6UIAX","2023-11-03T19:39:26.000Z","005Ho00000AXM6UIAX","","","","","","","false","true","71341560278867078","false","","","",""
"a2GHo000001ueJqMAI","005Ho00000AXM6UIAX","","Borrowing Structure Information","2023-10-31T13:56:27.000Z","005Ho00000AXM6UIAX","2023-11-03T19:39:26.000Z","005Ho00000AXM6UIAX","","","","","","","false","true","52691560278867079","false","","","",""
"a2GHo000001ueJrMAI","005Ho00000AXM6UIAX","","Collateral2","2023-10-31T13:56:27.000Z","005Ho00000AXM6UIAX","2023-11-03T19:39:26.000Z","005Ho00000AXM6UIAX","","","","","","","false","true","32281560278867079","false","","","",""
"a2GHo000001ueJsMAI","005Ho00000AXM6UIAX","","Underwriting Details","2023-10-31T13:56:27.000Z","005Ho00000AXM6UIAX","2023-11-03T19:39:26.000Z","005Ho00000AXM6UIAX","","","","","","","false","true","03471560278867077","false","","","",""
"a2GHo000001ueJtMAI","005Ho00000AXM6UIAX","","Fees","2023-10-31T13:56:27.000Z","005Ho00000AXM6UIAX","2023-11-03T19:39:26.000Z","005Ho00000AXM6UIAX","","","","","","","false","true","86811560278867079","false","","","",""
"a2GHo000001ueJuMAI","005Ho00000AXM6UIAX","","Application Details-Retail","2023-10-31T13:56:27.000Z","005Ho00000AXM6UIAX","2023-11-03T19:39:26.000Z","005Ho00000AXM6UIAX","","","","","","","false","true","6325647853262563245","false","","","",""
"a2GHo000001ueJvMAI","005Ho00000AXM6UIAX","","Total Exposure Screen","2023-10-31T13:56:27.000Z","005Ho00000AXM6UIAX","2023-11-03T19:39:26.000Z","005Ho00000AXM6UIAX","","","","","","","false","true","20091562008947218","false","","","",""
"a2GHo000001ueJwMAI","005Ho00000AXM6UIAX","","Loan Products","2023-10-31T13:56:27.000Z","005Ho00000AXM6UIAX","2023-11-03T19:39:26.000Z","005Ho00000AXM6UIAX","","","","","","","false","true","48781562008947219","false","","","",""
"a2GHo000001ueJxMAI","005Ho00000AXM6UIAX","","Deposit Products","2023-10-31T13:56:27.000Z","005Ho00000AXM6UIAX","2023-11-03T19:39:26.000Z","005Ho00000AXM6UIAX","","","","","","","false","true","86701562008947219","false","","","",""
"a2GHo000001ueJyMAI","005Ho00000AXM6UIAX","","Secured SBL Eligibility","2023-10-31T13:56:27.000Z","005Ho00000AXM6UIAX","2023-11-03T19:39:26.000Z","005Ho00000AXM6UIAX","","","","","","","false","true","42415980332756543","false","","","",""
"a2GHo000001ueJzMAI","005Ho00000AXM6UIAX","","Secured SBL Business Info","2023-10-31T13:56:27.000Z","005Ho00000AXM6UIAX","2023-11-03T15:06:12.000Z","005Ho00000AXM6UIAX","","","","","","","false","true","42509691136301749","false","","","",""
"a2GHo000001ueK0MAI","005Ho00000AXM6UIAX","","SBL Personal","2023-10-31T13:56:27.000Z","005Ho00000AXM6UIAX","2023-11-03T19:39:26.000Z","005Ho00000AXM6UIAX","","","","","","","false","true","42692911532156791","false","","","",""
"a2GHo000001ueK1MAI","005Ho00000AXM6UIAX","","Secured SBL Personal (Individual Other Involved)","2023-10-31T13:56:27.000Z","005Ho00000AXM6UIAX","2023-11-03T19:39:26.000Z","005Ho00000AXM6UIAX","","","","","","","false","true","42113928704115288","false","","","",""
"a2GHo000001ueK2MAI","005Ho00000AXM6UIAX","","SBL Eligibility","2023-10-31T13:56:27.000Z","005Ho00000AXM6UIAX","2023-11-03T19:39:26.000Z","005Ho00000AXM6UIAX","","","","","","","false","true","42636216486699414","false","","","",""
"a2GHo000001ueK3MAI","005Ho00000AXM6UIAX","","SBL Business Info","2023-10-31T13:56:27.000Z","005Ho00000AXM6UIAX","2023-11-03T19:39:26.000Z","005Ho00000AXM6UIAX","","","","","","","false","true","42981961269080453","false","","","",""
"a2GHo000001ueK4MAI","005Ho00000AXM6UIAX","","SBL Personal (Individual Other Involved)","2023-10-31T13:56:27.000Z","005Ho00000AXM6UIAX","2023-11-03T19:39:26.000Z","005Ho00000AXM6UIAX","","","","","","","false","true","42395526772715632","false","","","",""
"a2GHo000001ueK5MAI","005Ho00000AXM6UIAX","","Pricing Required Fields","2023-10-31T13:56:27.000Z","005Ho00000AXM6UIAX","2023-11-03T19:39:26.000Z","005Ho00000AXM6UIAX","","","","","","","false","true","pricingrequiredfields","false","","","",""
"a2GHo000001ueK6MAI","005Ho00000AXM6UIAX","","Product Package Collateral2","2023-10-31T13:56:27.000Z","005Ho00000AXM6UIAX","2023-11-03T19:39:26.000Z","005Ho00000AXM6UIAX","","","","","","","false","true","75041563816286566","false","","","",""
"a2GHo000001ueK7MAI","005Ho00000AXM6UIAX","","Available One to Many Screen Sections","2023-10-31T13:56:27.000Z","005Ho00000AXM6UIAX","2023-11-03T19:39:26.000Z","005Ho00000AXM6UIAX","","","","","","","false","true","429446046658847391","false","","","",""
"a2GHo000001ueK8MAI","005Ho00000AXM6UIAX","","Product Summary","2023-10-31T13:56:27.000Z","005Ho00000AXM6UIAX","2023-11-03T19:39:26.000Z","005Ho00000AXM6UIAX","","","","","","","false","true","05641567002571747","false","","","",""
"a2GHo000001ueK9MAI","005Ho00000AXM6UIAX","","Treasury Service Details","2023-10-31T13:56:27.000Z","005Ho00000AXM6UIAX","2023-11-03T19:39:26.000Z","005Ho00000AXM6UIAX","","","","","","","false","true","62851567002571747","false","","","",""
"a2GHo000001ueKDMAY","005Ho00000AXM6UIAX","","Opportunities","2023-10-31T13:56:27.000Z","005Ho00000AXM6UIAX","2023-10-31T13:56:27.000Z","005Ho00000AXM6UIAX","","","","","","","false","true","42261575075847433","false","","","",""
"a2GHo000001ueKEMAY","005Ho00000AXM6UIAX","","Beneficial Ownership Summary","2023-10-31T13:56:27.000Z","005Ho00000AXM6UIAX","2023-10-31T13:56:27.000Z","005Ho00000AXM6UIAX","","","","","","","false","true","42834021314193185","false","","","",""
"a2GHo000001ueKFMAY","005Ho00000AXM6UIAX","","Submit for Approval","2023-10-31T13:56:27.000Z","005Ho00000AXM6UIAX","2023-10-31T13:56:27.000Z","005Ho00000AXM6UIAX","","","","","","","false","true","42136886661722680","false","","","",""
"a2GHo000001ueKGMAY","005Ho00000AXM6UIAX","","All Loans","2023-10-31T13:56:27.000Z","005Ho00000AXM6UIAX","2023-10-31T13:56:27.000Z","005Ho00000AXM6UIAX","","","","","","","false","true","rcaui-42706352307","false","","","",""
"a2GHo000001ueKHMAY","005Ho00000AXM6UIAX","","Credit Actionable Loans","2023-10-31T13:56:27.000Z","005Ho00000AXM6UIAX","2023-10-31T13:56:27.000Z","005Ho00000AXM6UIAX","","","","","","","false","true","rcaui-42425336604","false","","","",""
"a2GHo000001ueKIMAY","005Ho00000AXM6UIAX","","Credit Actions","2023-10-31T13:56:27.000Z","005Ho00000AXM6UIAX","2023-10-31T13:56:27.000Z","005Ho00000AXM6UIAX","","","","","","","false","true","rcaui-42477727610","false","","","",""
"a2GHo000001ueKJMAY","005Ho00000AXM6UIAX","","Key Dates - Editable","2023-10-31T13:56:27.000Z","005Ho00000AXM6UIAX","2023-11-03T19:39:26.000Z","005Ho00000AXM6UIAX","","","","","","","false","true","59771585604340856","false","","","",""
"a2GHo000001ueKKMAY","005Ho00000AXM6UIAX","","Key Dates - Read Only","2023-10-31T13:56:27.000Z","005Ho00000AXM6UIAX","2023-11-03T19:39:26.000Z","005Ho00000AXM6UIAX","","","","","","","false","true","50971585604340856","false","","","",""
"a2GHo000001ueKLMAY","005Ho00000AXM6UIAX","","Loan Products","2023-10-31T13:56:27.000Z","005Ho00000AXM6UIAX","2023-11-03T19:39:26.000Z","005Ho00000AXM6UIAX","","","","","","","false","true","42264506634750293","false","","","",""
"a2GHo000001ueKMMAY","005Ho00000AXM6UIAX","","Rate Structure","2023-10-31T13:56:27.000Z","005Ho00000AXM6UIAX","2023-11-03T19:39:26.000Z","005Ho00000AXM6UIAX","","","","","","","false","true","42558854118324394","false","","","",""
"a2GHo000001ueKNMAY","005Ho00000AXM6UIAX","","Payment Structure","2023-10-31T13:56:27.000Z","005Ho00000AXM6UIAX","2023-11-03T19:39:26.000Z","005Ho00000AXM6UIAX","","","","","","","false","true","42448651673900408","false","","","",""
"a2GHo000001ueKOMAY","005Ho00000AXM6UIAX","","Risk Rating","2023-10-31T13:56:27.000Z","005Ho00000AXM6UIAX","2023-11-03T19:39:26.000Z","005Ho00000AXM6UIAX","","","","","","","false","true","42672158236792769","false","","","",""
"a2GHo000001ueKPMAY","005Ho00000AXMAxIAP","","Bulk Edit","2023-10-31T13:56:27.000Z","005Ho00000AXMAxIAP","2023-10-31T13:56:27.000Z","005Ho00000AXMAxIAP","","","","","","","false","true","dmwui-42833518380","false","","","",""
"a2GHo000001ueKQMAY","005Ho00000AXM6UIAX","","Change Memo","2023-10-31T13:56:27.000Z","005Ho00000AXM6UIAX","2023-11-03T19:39:26.000Z","005Ho00000AXM6UIAX","","","","","","","false","true","42768254162527564","false","","","",""
"a2GHo000001ueKRMAY","005Ho00000AXM6UIAX","","Fees Summary","2023-10-31T13:56:27.000Z","005Ho00000AXM6UIAX","2023-11-03T19:39:26.000Z","005Ho00000AXM6UIAX","","","","","","","false","true","42839732363377241","false","","","",""
"a2GHo000001ueKSMAY","005Ho00000AXM6UIAX","","Team Members","2023-10-31T13:56:27.000Z","005Ho00000AXM6UIAX","2023-11-03T19:39:26.000Z","005Ho00000AXM6UIAX","","","","","","","false","true","42099974757861510","false","","","",""
"a2GHo000001ueKTMAY","005Ho00000AXM6UIAX","","Details","2023-10-31T13:56:27.000Z","005Ho00000AXM6UIAX","2023-11-03T15:06:12.000Z","005Ho00000AXM6UIAX","","","","","","","false","true","42101974202872765","false","","","",""
"a2GHo000001ueKUMAY","005Ho00000AXM6UIAX","","Details- business EO","2023-10-31T13:56:27.000Z","005Ho00000AXM6UIAX","2023-11-03T19:39:26.000Z","005Ho00000AXM6UIAX","","","","","","","false","true","42754538931621755","false","","","",""
"a2GHo000001ueKVMAY","005Ho00000AXM6UIAX","","Details - EO","2023-10-31T13:56:27.000Z","005Ho00000AXM6UIAX","2023-11-03T19:39:26.000Z","005Ho00000AXM6UIAX","","","","","","","false","true","42083286394967946","false","","","",""
"a2GHo000001ueKWMAY","005Ho00000AXM6UIAX","","Details","2023-10-31T13:56:27.000Z","005Ho00000AXM6UIAX","2023-11-03T19:39:26.000Z","005Ho00000AXM6UIAX","","","","","","","false","true","42206232254498796","false","","","",""
"a2GHo000001ueKXMAY","005Ho00000AXM6UIAX","","Beneficiary","2023-10-31T13:56:27.000Z","005Ho00000AXM6UIAX","2023-11-03T19:39:26.000Z","005Ho00000AXM6UIAX","","","","","","","false","true","42856498406131349","false","","","",""
"a2GHo000001ueKaMAI","005Ho00000AXM6UIAX","","Collateral Pledged","2023-10-31T13:56:27.000Z","005Ho00000AXM6UIAX","2023-11-03T19:39:26.000Z","005Ho00000AXM6UIAX","","","","","","","false","true","52621585604340855","false","","","",""
"a2GHo000001ueKbMAI","005Ho00000AXM6UIAX","","Collateral Value","2023-10-31T13:56:27.000Z","005Ho00000AXM6UIAX","2023-11-03T19:39:26.000Z","005Ho00000AXM6UIAX","","","","","","","false","true","40481585604340855","false","","","",""
"a2GHo000001ueKeMAI","005Ho00000AXM6UIAX","","Fees Approved","2023-10-31T13:56:27.000Z","005Ho00000AXM6UIAX","2023-11-03T19:39:26.000Z","005Ho00000AXM6UIAX","","","","","","","false","true","82191585604340855","false","","","",""
"a2GHo000001ueKfMAI","005Ho00000AXM6UIAX","","Key Dates","2023-10-31T13:56:27.000Z","005Ho00000AXM6UIAX","2023-11-03T19:39:26.000Z","005Ho00000AXM6UIAX","","","","","","","false","true","23001585604340855","false","","","",""
"a2GHo000001ueKgMAI","005Ho00000AXM6UIAX","","Post Closing Review","2023-10-31T13:56:27.000Z","005Ho00000AXM6UIAX","2023-11-03T19:39:26.000Z","005Ho00000AXM6UIAX","","","","","","","false","true","61601585604340855","false","","","",""
"a2GHo000001ueKkMAI","005Ho00000AXM6UIAX","","Third Party Reports","2023-10-31T13:56:27.000Z","005Ho00000AXM6UIAX","2023-11-03T19:39:26.000Z","005Ho00000AXM6UIAX","","","","","","","false","true","47581585604340855","false","","","",""
"a2GHo000001ueKnMAI","005Ho00000AXM6UIAX","","Approved Details","2023-10-31T13:56:27.000Z","005Ho00000AXM6UIAX","2023-11-03T19:39:26.000Z","005Ho00000AXM6UIAX","","","","","","","false","true","34361585604340855","false","","","",""
"a2GHo000001ueKrMAI","005Ho00000AXM6UIAX","","Fees","2023-10-31T13:56:27.000Z","005Ho00000AXM6UIAX","2023-10-31T13:56:27.000Z","005Ho00000AXM6UIAX","","","","","","","false","true","a2GHo000001ueKrMAI","false","","","",""
"a2GHo000001ueKsMAI","005Ho00000AXM6UIAX","","Participations","2023-10-31T13:56:27.000Z","005Ho00000AXM6UIAX","2023-10-31T13:56:27.000Z","005Ho00000AXM6UIAX","","","","","","","false","true","a2GHo000001ueOtMAI","false","","","",""
"a2GHo000001ueKtMAI","005Ho00000AXM6UIAX","","Loan Products","2023-10-31T13:56:27.000Z","005Ho00000AXM6UIAX","2023-11-03T19:39:26.000Z","005Ho00000AXM6UIAX","","","","","","","false","true","42567764686172869","false","","","",""
"a2GHo000001ueKuMAI","005Ho00000AXM6UIAX","","Deposit Products","2023-10-31T13:56:27.000Z","005Ho00000AXM6UIAX","2023-11-03T19:39:26.000Z","005Ho00000AXM6UIAX","","","","","","","false","true","42464191242067167","false","","","",""
"a2GHo000001ueKvMAI","005Ho00000AXM6UIAX","","Pricing Approved","2023-10-31T13:56:27.000Z","005Ho00000AXM6UIAX","2023-11-03T19:39:26.000Z","005Ho00000AXM6UIAX","","","","","","","false","true","42057912696598906","false","","","",""
"a2GHo000001ueKwMAI","005Ho00000AXM6UIAX","","CRA Screen","2023-10-31T13:56:27.000Z","005Ho00000AXM6UIAX","2023-11-03T19:39:28.000Z","005Ho00000AXM6UIAX","","","","","","","false","true","42508794583138413","false","","","",""
"a2GHo000001ueKyMAI","005Ho00000AXM6UIAX","","Adverse Actions","2023-10-31T13:56:27.000Z","005Ho00000AXM6UIAX","2023-11-03T19:39:28.000Z","005Ho00000AXM6UIAX","","","","","","","false","true","19891585604340855","false","","","",""
"a2GHo000001ueKzMAI","005Ho00000AXM6UIAX","","Construction Details","2023-10-31T13:56:27.000Z","005Ho00000AXM6UIAX","2023-10-31T13:56:27.000Z","005Ho00000AXM6UIAX","","","","","","","false","true","a2GHo000001ueKzMAI","false","","","",""
"a2GHo000001ueL0MAI","005Ho00000AXM6UIAX","","Loan Dashboard","2023-10-31T13:56:27.000Z","005Ho00000AXM6UIAX","2023-10-31T13:56:27.000Z","005Ho00000AXM6UIAX","","","","","","","false","true","a2GHo000001ueL0MAI","false","","","",""
"a2GHo000001ueL1MAI","005Ho00000AXM6UIAX","","Fees","2023-10-31T13:56:27.000Z","005Ho00000AXM6UIAX","2023-11-03T19:39:28.000Z","005Ho00000AXM6UIAX","","","","","","","false","true","91971560278745076","false","","","",""
"a2GHo000001ueL2MAI","005Ho00000AXM6UIAX","","Narrative","2023-10-31T13:56:27.000Z","005Ho00000AXM6UIAX","2023-11-03T19:39:28.000Z","005Ho00000AXM6UIAX","","","","","","","false","true","89361585604340856","false","","","",""
"a2GHo000001ueL3MAI","005Ho00000AXM6UIAX","","Loan Team Member Information","2023-10-31T13:56:27.000Z","005Ho00000AXM6UIAX","2023-11-03T19:39:28.000Z","005Ho00000AXM6UIAX","","","","","","","false","true","28761585604340855","false","","","",""
"a2GHo000001ueL4MAI","005Ho00000AXM6UIAX","","Memos","2023-10-31T13:56:27.000Z","005Ho00000AXM6UIAX","2023-11-03T19:39:28.000Z","005Ho00000AXM6UIAX","","","","","","","false","true","16221585604340856","false","","","",""
"a2GHo000001ueL9MAI","005Ho00000AXM6UIAX","","Participations","2023-10-31T13:56:27.000Z","005Ho00000AXM6UIAX","2023-11-03T19:39:28.000Z","005Ho00000AXM6UIAX","","","","","","","false","true","70051585604340856","false","","","",""
"a2GHo000001ueLAMAY","005Ho00000AXM6UIAX","","Activities","2023-10-31T13:56:27.000Z","005Ho00000AXM6UIAX","2023-10-31T13:56:27.000Z","005Ho00000AXM6UIAX","","","","","","","false","true","a2GHo000001ueLAMAY","false","","","",""
"a2GHo000001ueLBMAY","005Ho00000AXM6UIAX","","Business Contacts","2023-10-31T13:56:27.000Z","005Ho00000AXM6UIAX","2023-10-31T13:56:27.000Z","005Ho00000AXM6UIAX","","","","","","","false","true","a2GHo000001ueLBMAY","false","","","",""
"a2GHo000001ueLCMAY","005Ho00000AXM6UIAX","","Collateral Owned","2023-10-31T13:56:27.000Z","005Ho00000AXM6UIAX","2023-10-31T13:56:27.000Z","005Ho00000AXM6UIAX","","","","","","","false","true","a2GHo000001ueLCMAY","false","","","",""
"a2GHo000001ueLDMAY","005Ho00000AXM6UIAX","","Covenants","2023-10-31T13:56:27.000Z","005Ho00000AXM6UIAX","2023-10-31T13:56:27.000Z","005Ho00000AXM6UIAX","","","","","","","false","true","a2GHo000001ueLDMAY","false","","","",""
"a2GHo000001ueLEMAY","005Ho00000AXM6UIAX","","Deposits","2023-10-31T13:56:27.000Z","005Ho00000AXM6UIAX","2023-10-31T13:56:27.000Z","005Ho00000AXM6UIAX","","","","","","","false","true","a2GHo000001ueLEMAY","false","","","",""
"a2GHo000001ueLFMAY","005Ho00000AXM6UIAX","","Overview","2023-10-31T13:56:27.000Z","005Ho00000AXM6UIAX","2023-10-31T13:56:27.000Z","005Ho00000AXM6UIAX","","","","","","","false","true","a2GHo000001ueLFMAY","false","","","",""
"a2GHo000001ueLGMAY","005Ho00000AXM6UIAX","","Exposure","2023-10-31T13:56:27.000Z","005Ho00000AXM6UIAX","2023-10-31T13:56:27.000Z","005Ho00000AXM6UIAX","","","","","","","false","true","a2GHo000001ueLGMAY","false","","","",""
"a2GHo000001ueLHMAY","005Ho00000AXM6UIAX","","Loans","2023-10-31T13:56:27.000Z","005Ho00000AXM6UIAX","2023-10-31T13:56:27.000Z","005Ho00000AXM6UIAX","","","","","","","false","true","a2GHo000001ueLHMAY","false","","","",""
"a2GHo000001ueLIMAY","005Ho00000AXM6UIAX","","Opportunities","2023-10-31T13:56:27.000Z","005Ho00000AXM6UIAX","2023-10-31T13:56:27.000Z","005Ho00000AXM6UIAX","","","","","","","false","true","a2GHo000001ueLIMAY","false","","","",""
"a2GHo000001ueLJMAY","005Ho00000AXM6UIAX","","Other Information","2023-10-31T13:56:27.000Z","005Ho00000AXM6UIAX","2023-10-31T13:56:27.000Z","005Ho00000AXM6UIAX","","","","","","","false","true","a2GHo000001ueLJMAY","false","","","",""
"a2GHo000001ueLKMAY","005Ho00000AXM6UIAX","","Product Packages","2023-10-31T13:56:27.000Z","005Ho00000AXM6UIAX","2023-10-31T13:56:27.000Z","005Ho00000AXM6UIAX","","","","","","","false","true","a2GHo000001ueLKMAY","false","","","",""
"a2GHo000001ueLLMAY","005Ho00000AXM6UIAX","","Referrals","2023-10-31T13:56:27.000Z","005Ho00000AXM6UIAX","2023-10-31T13:56:27.000Z","005Ho00000AXM6UIAX","","","","","","","false","true","a2GHo000001ueLLMAY","false","","","",""
"a2GHo000001ueLMMAY","005Ho00000AXM6UIAX","","Risk Rating Reviews","2023-10-31T13:56:27.000Z","005Ho00000AXM6UIAX","2023-10-31T13:56:27.000Z","005Ho00000AXM6UIAX","","","","","","","false","true","a2GHo000001ueLMMAY","false","","","",""
"a2GHo000001ueLNMAY","005Ho00000AXM6UIAX","","Service Requests","2023-10-31T13:56:27.000Z","005Ho00000AXM6UIAX","2023-10-31T13:56:27.000Z","005Ho00000AXM6UIAX","","","","","","","false","true","a2GHo000001ueLNMAY","false","","","",""
"a2GHo000001ueLOMAY","005Ho00000AXM6UIAX","","Site Visits","2023-10-31T13:56:27.000Z","005Ho00000AXM6UIAX","2023-10-31T13:56:27.000Z","005Ho00000AXM6UIAX","","","","","","","false","true","a2GHo000001ueLOMAY","false","","","",""
"a2GHo000001ueLPMAY","005Ho00000AXM6UIAX","","Treasury","2023-10-31T13:56:27.000Z","005Ho00000AXM6UIAX","2023-10-31T13:56:27.000Z","005Ho00000AXM6UIAX","","","","","","","false","true","a2GHo000001ueLPMAY","false","","","",""
"a2GHo000001ueLQMAY","005Ho00000AXM6UIAX","","Risk Ratings","2023-10-31T13:56:27.000Z","005Ho00000AXM6UIAX","2023-11-03T19:39:28.000Z","005Ho00000AXM6UIAX","","","","","","","false","true","08891585604340856","false","","","",""
"a2GHo000001ueLRMAY","005Ho00000AXM6UIAX","","SBA Form 912","2023-10-31T13:56:27.000Z","005Ho00000AXM6UIAX","2023-10-31T13:56:27.000Z","005Ho00000AXM6UIAX","","","","","","","false","true","a2GHo000001ueLRMAY","false","","","",""
"a2GHo000001ueLSMAY","005Ho00000AXM6UIAX","","Loan Application","2023-10-31T13:56:27.000Z","005Ho00000AXM6UIAX","2023-10-31T13:56:27.000Z","005Ho00000AXM6UIAX","","","","","","","false","true","a2GHo000001ueLSMAY","false","","","",""
"a2GHo000001ueLTMAY","005Ho00000AXM6UIAX","","Change of Ownership","2023-10-31T13:56:27.000Z","005Ho00000AXM6UIAX","2023-10-31T13:56:27.000Z","005Ho00000AXM6UIAX","","","","","","","false","true","a2GHo000001ueLTMAY","false","","","",""
"a2GHo000001ueLUMAY","005Ho00000AXM6UIAX","","SBA Form 10","2023-10-31T13:56:27.000Z","005Ho00000AXM6UIAX","2023-10-31T13:56:27.000Z","005Ho00000AXM6UIAX","","","","","","","false","true","a2GHo000001ueLUMAY","false","","","",""
"a2GHo000001ueLVMAY","005Ho00000AXM6UIAX","","SBA Form 159","2023-10-31T13:56:27.000Z","005Ho00000AXM6UIAX","2023-10-31T13:56:27.000Z","005Ho00000AXM6UIAX","","","","","","","false","true","a2GHo000001ueLVMAY","false","","","",""
"a2GHo000001ueLWMAY","005Ho00000AXM6UIAX","","SBA Form 1846","2023-10-31T13:56:27.000Z","005Ho00000AXM6UIAX","2023-10-31T13:56:27.000Z","005Ho00000AXM6UIAX","","","","","","","false","true","a2GHo000001ueLWMAY","false","","","",""
"a2GHo000001ueLXMAY","005Ho00000AXM6UIAX","","SBA Form 1919","2023-10-31T13:56:27.000Z","005Ho00000AXM6UIAX","2023-10-31T13:56:27.000Z","005Ho00000AXM6UIAX","","","","","","","false","true","a2GHo000001ueLXMAY","false","","","",""
"a2GHo000001ueLYMAY","005Ho00000AXM6UIAX","","Business Type","2023-10-31T13:56:27.000Z","005Ho00000AXM6UIAX","2023-10-31T13:56:27.000Z","005Ho00000AXM6UIAX","","","","","","","false","true","a2GHo000001ueLYMAY","false","","","",""
"a2GHo000001ueLZMAY","005Ho00000AXM6UIAX","","Previous SBA Loan","2023-10-31T13:56:27.000Z","005Ho00000AXM6UIAX","2023-10-31T13:56:27.000Z","005Ho00000AXM6UIAX","","","","","","","false","true","a2GHo000001ueLZMAY","false","","","",""
"a2GHo000001ueLaMAI","005Ho00000AXM6UIAX","","Conflict of Interest","2023-10-31T13:56:27.000Z","005Ho00000AXM6UIAX","2023-10-31T13:56:27.000Z","005Ho00000AXM6UIAX","","","","","","","false","true","a2GHo000001ueLaMAI","false","","","",""
"a2GHo000001ueLbMAI","005Ho00000AXM6UIAX","","Primary Account","2023-10-31T13:56:27.000Z","005Ho00000AXM6UIAX","2023-10-31T13:56:27.000Z","005Ho00000AXM6UIAX","","","","","","","false","true","a2GHo000001ueLbMAI","false","","","",""
"a2GHo000001ueLcMAI","005Ho00000AXM6UIAX","","SBA Form 1920","2023-10-31T13:56:27.000Z","005Ho00000AXM6UIAX","2023-10-31T13:56:27.000Z","005Ho00000AXM6UIAX","","","","","","","false","true","a2GHo000001ueLcMAI","false","","","",""
"a2GHo000001ueLdMAI","005Ho00000AXM6UIAX","","SBA Form 1920","2023-10-31T13:56:27.000Z","005Ho00000AXM6UIAX","2023-10-31T13:56:27.000Z","005Ho00000AXM6UIAX","","","","","","","false","true","a2GHo000001ueLdMAI","false","","","",""
"a2GHo000001ueLeMAI","005Ho00000AXM6UIAX","","SBA Form 1920","2023-10-31T13:56:27.000Z","005Ho00000AXM6UIAX","2023-10-31T13:56:27.000Z","005Ho00000AXM6UIAX","","","","","","","false","true","a2GHo000001ueLeMAI","false","","","",""
"a2GHo000001ueLfMAI","005Ho00000AXM6UIAX","","SBA Form 1920","2023-10-31T13:56:27.000Z","005Ho00000AXM6UIAX","2023-10-31T13:56:27.000Z","005Ho00000AXM6UIAX","","","","","","","false","true","a2GHo000001ueLfMAI","false","","","",""
"a2GHo000001ueLgMAI","005Ho00000AXM6UIAX","","SBA Form 1920","2023-10-31T13:56:27.000Z","005Ho00000AXM6UIAX","2023-10-31T13:56:27.000Z","005Ho00000AXM6UIAX","","","","","","","false","true","a2GHo000001ueLgMAI","false","","","",""
"a2GHo000001ueLiMAI","005Ho00000AXM6UIAX","","SBA Form 1920","2023-10-31T13:56:27.000Z","005Ho00000AXM6UIAX","2023-10-31T13:56:27.000Z","005Ho00000AXM6UIAX","","","","","","","false","true","a2GHo000001ueLiMAI","false","","","",""
"a2GHo000001ueLjMAI","005Ho00000AXM6UIAX","","Primary Account","2023-10-31T13:56:27.000Z","005Ho00000AXM6UIAX","2023-10-31T13:56:27.000Z","005Ho00000AXM6UIAX","","","","","","","false","true","a2GHo000001ueLjMAI","false","","","",""
"a2GHo000001ueLkMAI","005Ho00000AXM6UIAX","","Account Debt","2023-10-31T13:56:27.000Z","005Ho00000AXM6UIAX","2023-10-31T13:56:27.000Z","005Ho00000AXM6UIAX","","","","","","","false","true","a2GHo000001ueLkMAI","false","","","",""
"a2GHo000001ueLlMAI","005Ho00000AXM6UIAX","","SBA Form 652","2023-10-31T13:56:27.000Z","005Ho00000AXM6UIAX","2023-10-31T13:56:27.000Z","005Ho00000AXM6UIAX","","","","","","","false","true","a2GHo000001ueLlMAI","false","","","",""
"a2GHo000001ueLmMAI","005Ho00000AXM6UIAX","","SBA Form G845","2023-10-31T13:56:27.000Z","005Ho00000AXM6UIAX","2023-10-31T13:56:27.000Z","005Ho00000AXM6UIAX","","","","","","","false","true","a2GHo000001ueLmMAI","false","","","",""
"a2GHo000001ueLnMAI","005Ho00000AXM6UIAX","","Injections","2023-10-31T13:56:27.000Z","005Ho00000AXM6UIAX","2023-10-31T13:56:27.000Z","005Ho00000AXM6UIAX","","","","","","","false","true","a2GHo000001ueLnMAI","false","","","",""
"a2GHo000001ueLpMAI","005Ho00000AXM6UIAX","","Loan Information","2023-10-31T13:56:27.000Z","005Ho00000AXM6UIAX","2023-10-31T13:56:27.000Z","005Ho00000AXM6UIAX","","","","","","","false","true","a2GHo000001ueLpMAI","false","","","",""
"a2GHo000001ueLqMAI","005Ho00000AXM6UIAX","","Pricing","2023-10-31T13:56:27.000Z","005Ho00000AXM6UIAX","2023-10-31T13:56:27.000Z","005Ho00000AXM6UIAX","","","","","","","false","true","a2GHo000001ueLqMAI","false","","","",""
"a2GHo000001ueLrMAI","005Ho00000AXM6UIAX","","Loan Partner","2023-10-31T13:56:27.000Z","005Ho00000AXM6UIAX","2023-10-31T13:56:27.000Z","005Ho00000AXM6UIAX","","","","","","","false","true","a2GHo000001ueLrMAI","false","","","",""
"a2GHo000001ueLsMAI","005Ho00000AXM6UIAX","","Use of Proceeds","2023-10-31T13:56:27.000Z","005Ho00000AXM6UIAX","2023-10-31T13:56:27.000Z","005Ho00000AXM6UIAX","","","","","","","false","true","a2GHo000001ueLsMAI","false","","","",""
"a2GHo000001ueLtMAI","005Ho00000AXM6UIAX","","Stage History","2023-10-31T13:56:27.000Z","005Ho00000AXM6UIAX","2023-11-03T19:39:28.000Z","005Ho00000AXM6UIAX","","","","","","","false","true","60101585604340856","false","","","",""
"a2GHo000001ueLuMAI","005Ho00000AXM6UIAX","","Product Summary","2023-10-31T13:56:27.000Z","005Ho00000AXM6UIAX","2023-11-03T19:39:28.000Z","005Ho00000AXM6UIAX","","","","","","","false","true","09911567002550278","false","","","",""
"a2GHo000001ueLvMAI","005Ho00000AXM6UIAX","","Balance Details","2023-10-31T13:56:27.000Z","005Ho00000AXM6UIAX","2023-11-03T19:39:28.000Z","005Ho00000AXM6UIAX","","","","","","","false","true","18751585604340855","false","","","",""
"a2GHo000001ueLwMAI","005Ho00000AXM6UIAX","","Booked Information","2023-10-31T13:56:27.000Z","005Ho00000AXM6UIAX","2023-11-03T19:39:28.000Z","005Ho00000AXM6UIAX","","","","","","","false","true","86611585604340855","false","","","",""
"a2GHo000001ueLxMAI","005Ho00000AXM6UIAX","","CRA Screen","2023-10-31T13:56:27.000Z","005Ho00000AXM6UIAX","2023-11-03T19:39:28.000Z","005Ho00000AXM6UIAX","","","","","","","false","true","67231585604340855","false","","","",""
"a2GHo000001ueLyMAI","005Ho00000AXM6UIAX","","Loan Dashboard Summary Screen","2023-10-31T13:56:27.000Z","005Ho00000AXM6UIAX","2023-11-03T19:39:28.000Z","005Ho00000AXM6UIAX","","","","","","","false","true","19961585604340855","false","","","",""
"a2GHo000001ueLzMAI","005Ho00000AXM6UIAX","","HMDA Screen 1","2023-10-31T13:56:27.000Z","005Ho00000AXM6UIAX","2023-10-31T13:56:27.000Z","005Ho00000AXM6UIAX","","","","","","","false","true","a2GHo000001ueOuMAI","false","","","",""
"a2GHo000001ueM0MAI","005Ho00000AXM6UIAX","","HMDA Screen 2","2023-10-31T13:56:27.000Z","005Ho00000AXM6UIAX","2023-11-03T19:39:28.000Z","005Ho00000AXM6UIAX","","","","","","","false","true","70131585604340855","false","","","",""
"a2GHo000001ueM1MAI","005Ho00000AXM6UIAX","","Loan Details","2023-10-31T13:56:27.000Z","005Ho00000AXM6UIAX","2023-11-03T19:39:28.000Z","005Ho00000AXM6UIAX","","","","","","","false","true","86451585604340855","false","","","",""
"a2GHo000001ueM2MAI","005Ho00000AXM6UIAX","","Pricing","2023-10-31T13:56:27.000Z","005Ho00000AXM6UIAX","2023-11-03T19:39:28.000Z","005Ho00000AXM6UIAX","","","","","","","false","true","79341585604340856","false","","","",""
"a2GHo000001ueM3MAI","005Ho00000AXM6UIAX","","Referral","2023-10-31T13:56:27.000Z","005Ho00000AXM6UIAX","2023-11-03T19:39:28.000Z","005Ho00000AXM6UIAX","","","","","","","false","true","91061585604340856","false","","","",""
"a2GHo000001ueM4MAI","005Ho00000AXM6UIAX","","Budget Details","2023-10-31T13:56:27.000Z","005Ho00000AXM6UIAX","2023-11-03T19:39:28.000Z","005Ho00000AXM6UIAX","","","","","","","false","true","42438936865131651","false","","","",""
"a2GHo000001ueM5MAI","005Ho00000AXM6UIAX","","Deposit Products","2023-10-31T13:56:27.000Z","005Ho00000AXM6UIAX","2023-11-03T19:39:28.000Z","005Ho00000AXM6UIAX","","","","","","","false","true","18931562008881233","false","","","",""
"a2GHo000001ueM6MAI","005Ho00000AXM6UIAX","","UI Configuration Builder","2023-10-31T13:56:27.000Z","005Ho00000AXMAwIAP","2023-11-03T19:39:28.000Z","005Ho00000AXM6UIAX","","","","","","","false","true","42257423463997756","false","","","",""
"a2GHo000001ueM7MAI","005Ho00000AXM6UIAX","","Entity Compliance Screen","2023-10-31T13:56:27.000Z","005Ho00000AXM6UIAX","2023-11-03T19:39:28.000Z","005Ho00000AXM6UIAX","","","","","","","false","true","42484621918140548","false","","","",""
"a2GHo000001ueM8MAI","005Ho00000AXM6UIAX","","Loan Compliance Screen","2023-10-31T13:56:27.000Z","005Ho00000AXM6UIAX","2023-11-03T19:39:28.000Z","005Ho00000AXM6UIAX","","","","","","","false","true","42920140975446045","false","","","",""
"a2GHo000001ueM9MAI","005Ho00000AXM6UIAX","","Entity Compliance Screen","2023-10-31T13:56:27.000Z","005Ho00000AXM6UIAX","2023-11-03T19:39:28.000Z","005Ho00000AXM6UIAX","","","","","","","false","true","42875195092745613","false","","","",""
"a2GHo000001ueMAMAY","005Ho00000AXM6UIAX","","Loan Compliance Screen","2023-10-31T13:56:27.000Z","005Ho00000AXM6UIAX","2023-11-03T19:39:28.000Z","005Ho00000AXM6UIAX","","","","","","","false","true","42300854924496650","false","","","",""
"a2GHo000001ueMBMAY","005Ho00000AXM6UIAX","","Memo Details","2023-10-31T13:56:27.000Z","005Ho00000AXM6UIAX","2023-11-03T19:39:28.000Z","005Ho00000AXM6UIAX","","","","","","","false","true","42453478693303001","false","","","",""
"a2GHo000001ueMCMAY","005Ho00000AXM6UIAX","","Package Details","2023-10-31T13:56:27.000Z","005Ho00000AXM6UIAX","2023-11-03T19:39:28.000Z","005Ho00000AXM6UIAX","","","","","","","false","true","42177182337892182","false","","","",""
"a2GHo000001ueMDMAY","005Ho00000AXM6UIAX","","Deposits","2023-10-31T13:56:27.000Z","005Ho00000AXM6UIAX","2023-11-03T19:39:28.000Z","005Ho00000AXM6UIAX","","","","","","","false","true","42177182337892183","false","","","",""
"a2GHo000001ueMEMAY","005Ho00000AXM6UIAX","","pp-tn-review-detail","2023-10-31T13:56:27.000Z","005Ho00000AXM6UIAX","2023-11-03T19:39:28.000Z","005Ho00000AXM6UIAX","","","","","","","false","true","42623826249591830","false","","","",""
"a2GHo000001ueMFMAY","005Ho00000AXM6UIAX","","Credit Actions New Package Details","2023-10-31T13:56:27.000Z","005Ho00000AXM6UIAX","2023-11-03T19:39:28.000Z","005Ho00000AXM6UIAX","","","","","","","false","true","42288156731909944","false","","","",""
"a2GHo000001ueMGMAY","005Ho00000AXM6UIAX","","Supplementary Details","2023-10-31T13:56:27.000Z","005Ho00000AXM6UIAX","2023-11-03T19:39:28.000Z","005Ho00000AXM6UIAX","","","","","","","false","true","38211585604340854","false","","","",""
"a2GHo000001ueMHMAY","005Ho00000AXM6UIAX","","Manage Budget Screen","2023-10-31T13:56:27.000Z","005Ho00000AXMAxIAP","2023-11-03T19:39:28.000Z","005Ho00000AXM6UIAX","","","","","","","false","true","42622713689821035","false","","","",""
"a2GHo000001ueMIMAY","005Ho00000AXM6UIAX","","Draw Overview Screen","2023-10-31T13:56:27.000Z","005Ho00000AXMAxIAP","2023-11-03T19:39:28.000Z","005Ho00000AXM6UIAX","","","","","","","false","true","42189632957882651","false","","","",""
"a2GHo000001ueMJMAY","005Ho00000AXM6UIAX","","Draw History Screen","2023-10-31T13:56:27.000Z","005Ho00000AXMAxIAP","2023-11-03T19:39:28.000Z","005Ho00000AXM6UIAX","","","","","","","false","true","42419863457011593","false","","","",""
"a2GHo000001ueMKMAY","005Ho00000AXM6UIAX","","Narrative Booked","2023-10-31T13:56:27.000Z","005Ho00000AXM6UIAX","2023-11-03T19:39:28.000Z","005Ho00000AXM6UIAX","","","","","","","false","true","10941585604340854","false","","","",""
"a2GHo000001ueMLMAY","005Ho00000AXM6UIAX","","Booked Information Booked","2023-10-31T13:56:27.000Z","005Ho00000AXM6UIAX","2023-11-03T19:39:28.000Z","005Ho00000AXM6UIAX","","","","","","","false","true","69801585604340854","false","","","",""
"a2GHo000001ueMMMAY","005Ho00000AXM6UIAX","","Balance Details Booked","2023-10-31T13:56:27.000Z","005Ho00000AXM6UIAX","2023-11-03T19:39:28.000Z","005Ho00000AXM6UIAX","","","","","","","false","true","25741585604340854","false","","","",""
"a2GHo000001ueMNMAY","005Ho00000AXM6UIAX","","Editable Fields","2023-10-31T13:56:27.000Z","005Ho00000AXM6UIAX","2023-11-03T19:39:28.000Z","005Ho00000AXM6UIAX","","","","","","","false","true","07281585604340854","false","","","",""
"a2GHo000001ueMOMAY","005Ho00000AXM6UIAX","","Treasury Service Details","2023-10-31T13:56:27.000Z","005Ho00000AXM6UIAX","2023-11-03T19:39:28.000Z","005Ho00000AXM6UIAX","","","","","","","false","true","42634238437115000","false","","","",""
"a2GHo000001ueMPMAY","005Ho00000AXM6UIAX","","Booked Details","2023-10-31T13:56:27.000Z","005Ho00000AXM6UIAX","2023-11-03T19:39:28.000Z","005Ho00000AXM6UIAX","","","","","","","false","true","XXX44432723848796","false","","","",""
"a2GHo000001ueMQMAY","005Ho00000AXM6UIAX","","Memos Booked","2023-10-31T13:56:27.000Z","005Ho00000AXM6UIAX","2023-11-03T19:39:28.000Z","005Ho00000AXM6UIAX","","","","","","","false","true","15561585604340854","false","","","",""
"a2GHo000001ueMRMAY","005Ho00000AXM6UIAX","","Rate & Payment Structure","2023-10-31T13:56:27.000Z","005Ho00000AXM6UIAX","2023-11-03T19:39:28.000Z","005Ho00000AXM6UIAX","","","","","","","false","true","42597613353871482","false","","","",""
"a2GHo000001ueMSMAY","005Ho00000AXM6UIAX","","Loan Details","2023-10-31T13:56:27.000Z","005Ho00000AXM6UIAX","2023-10-31T13:56:27.000Z","005Ho00000AXM6UIAX","","","","","","","false","true","42057670424928900","false","","","",""
"a2GHo000001ueMTMAY","005Ho00000AXM6UIAX","","Risk Rating","2023-10-31T13:56:27.000Z","005Ho00000AXM6UIAX","2023-10-31T13:56:27.000Z","005Ho00000AXM6UIAX","","","","","","","false","true","43241619447514581","false","","","",""
"a2GHo000001ueMUMAY","005Ho00000AXM6UIAX","","Certifications","2023-10-31T13:56:27.000Z","005Ho00000AXM6UIAX","2023-10-31T13:56:27.000Z","005Ho00000AXM6UIAX","","","","","","","false","true","33961619447514579","false","","","",""
"a2GHo000001ueMVMAY","005Ho00000AXM6UIAX","","Third Party Management","2023-10-31T13:56:27.000Z","005Ho00000AXM6UIAX","2023-10-31T13:56:27.000Z","005Ho00000AXM6UIAX","","","","","","","false","true","49681619447514580","false","","","",""
"a2GHo000001ueMWMAY","005Ho00000AXM6UIAX","","Pricing Required Fields","2023-10-31T13:56:27.000Z","005Ho00000AXM6UIAX","2023-10-31T13:56:27.000Z","005Ho00000AXM6UIAX","","","","","","","false","true","11671619447514581","false","","","",""
"a2GHo000001ueMXMAY","005Ho00000AXM6UIAX","","Change Memo","2023-10-31T13:56:27.000Z","005Ho00000AXM6UIAX","2023-10-31T13:56:27.000Z","005Ho00000AXM6UIAX","","","","","","","false","true","69121619447514582","false","","","",""
"a2GHo000001ueMYMAY","005Ho00000AXM6UIAX","","Fees Summary","2023-10-31T13:56:27.000Z","005Ho00000AXM6UIAX","2023-10-31T13:56:27.000Z","005Ho00000AXM6UIAX","","","","","","","false","true","55051619447514582","false","","","",""
"a2GHo000001ueMZMAY","005Ho00000AXM6UIAX","","Enhanced Fees Management","2023-10-31T13:56:27.000Z","005Ho00000AXM6UIAX","2023-10-31T13:56:27.000Z","005Ho00000AXM6UIAX","","","","","","","false","true","25961619447514580","false","","","",""
"a2GHo000001ueMaMAI","005Ho00000AXM6UIAX","","Team Members","2023-10-31T13:56:27.000Z","005Ho00000AXM6UIAX","2023-10-31T13:56:27.000Z","005Ho00000AXM6UIAX","","","","","","","false","true","48281619447514582","false","","","",""
"a2GHo000001ueMbMAI","005Ho00000AXM6UIAX","","Fees Approved","2023-10-31T13:56:27.000Z","005Ho00000AXM6UIAX","2023-10-31T13:56:27.000Z","005Ho00000AXM6UIAX","","","","","","","false","true","36611619447514582","false","","","",""
"a2GHo000001ueMcMAI","005Ho00000AXM6UIAX","","Third Party Reports","2023-10-31T13:56:27.000Z","005Ho00000AXM6UIAX","2023-10-31T13:56:27.000Z","005Ho00000AXM6UIAX","","","","","","","false","true","55521619447514583","false","","","",""
"a2GHo000001ueMdMAI","005Ho00000AXM6UIAX","","Approved Details","2023-10-31T13:56:27.000Z","005Ho00000AXM6UIAX","2023-10-31T13:56:27.000Z","005Ho00000AXM6UIAX","","","","","","","false","true","85571619447514583","false","","","",""
"a2GHo000001ueMeMAI","005Ho00000AXM6UIAX","","Participations","2023-10-31T13:56:27.000Z","005Ho00000AXM6UIAX","2023-10-31T13:56:27.000Z","005Ho00000AXM6UIAX","","","","","","","false","true","61601619447514583","false","","","",""
"a2GHo000001ueMfMAI","005Ho00000AXM6UIAX","","Pricing Approved","2023-10-31T13:56:27.000Z","005Ho00000AXM6UIAX","2023-10-31T13:56:27.000Z","005Ho00000AXM6UIAX","","","","","","","false","true","38031619447514583","false","","","",""
"a2GHo000001ueMgMAI","005Ho00000AXM6UIAX","","Adverse Actions","2023-10-31T13:56:27.000Z","005Ho00000AXM6UIAX","2023-10-31T13:56:27.000Z","005Ho00000AXM6UIAX","","","","","","","false","true","86671619447514584","false","","","",""
"a2GHo000001ueMhMAI","005Ho00000AXM6UIAX","","Loan Team Member Information","2023-10-31T13:56:27.000Z","005Ho00000AXM6UIAX","2023-10-31T13:56:27.000Z","005Ho00000AXM6UIAX","","","","","","","false","true","40541619447514584","false","","","",""
"a2GHo000001ueMiMAI","005Ho00000AXM6UIAX","","Balance Details","2023-10-31T13:56:27.000Z","005Ho00000AXM6UIAX","2023-10-31T13:56:27.000Z","005Ho00000AXM6UIAX","","","","","","","false","true","81501619447514584","false","","","",""
"a2GHo000001ueMjMAI","005Ho00000AXM6UIAX","","Booked Information","2023-10-31T13:56:27.000Z","005Ho00000AXM6UIAX","2023-10-31T13:56:27.000Z","005Ho00000AXM6UIAX","","","","","","","false","true","64811619447514585","false","","","",""
"a2GHo000001ueMkMAI","005Ho00000AXM6UIAX","","Collateral2","2023-10-31T13:56:27.000Z","005Ho00000AXM6UIAX","2023-10-31T13:56:27.000Z","005Ho00000AXM6UIAX","","","","","","","false","true","27781619447514580","false","","","",""
"a2GHo000001ueMlMAI","005Ho00000AXM6UIAX","","CRA Screen","2023-10-31T13:56:27.000Z","005Ho00000AXM6UIAX","2023-10-31T13:56:27.000Z","005Ho00000AXM6UIAX","","","","","","","false","true","01051619447514585","false","","","",""
"a2GHo000001ueMmMAI","005Ho00000AXM6UIAX","","Loan Dashboard Summary Screen","2023-10-31T13:56:27.000Z","005Ho00000AXM6UIAX","2023-10-31T13:56:27.000Z","005Ho00000AXM6UIAX","","","","","","","false","true","81661619447514585","false","","","",""
"a2GHo000001ueMnMAI","005Ho00000AXM6UIAX","","HMDA Screen 1","2023-10-31T13:56:27.000Z","005Ho00000AXM6UIAX","2023-10-31T13:56:27.000Z","005Ho00000AXM6UIAX","","","","","","","false","true","12431619447514585","false","","","",""
"a2GHo000001ueMoMAI","005Ho00000AXM6UIAX","","Loan Details","2023-10-31T13:56:27.000Z","005Ho00000AXM6UIAX","2023-10-31T13:56:27.000Z","005Ho00000AXM6UIAX","","","","","","","false","true","89871619447514586","false","","","",""
"a2GHo000001ueMpMAI","005Ho00000AXM6UIAX","","Borrowing Structure Information","2023-10-31T13:56:27.000Z","005Ho00000AXM6UIAX","2023-10-31T13:56:27.000Z","005Ho00000AXM6UIAX","","","","","","","false","true","27381619447514580","false","","","",""
"a2GHo000001ueMqMAI","005Ho00000AXM6UIAX","","Budget Details","2023-10-31T13:56:27.000Z","005Ho00000AXM6UIAX","2023-10-31T13:56:27.000Z","005Ho00000AXM6UIAX","","","","","","","false","true","53291619447514586","false","","","",""
"a2GHo000001ueMrMAI","005Ho00000AXM6UIAX","","Entity Compliance Screen","2023-10-31T13:56:27.000Z","005Ho00000AXM6UIAX","2023-10-31T13:56:27.000Z","005Ho00000AXM6UIAX","","","","","","","false","true","61171619447514586","false","","","",""
"a2GHo000001ueMsMAI","005Ho00000AXM6UIAX","","Loan Compliance Screen","2023-10-31T13:56:27.000Z","005Ho00000AXM6UIAX","2023-10-31T13:56:27.000Z","005Ho00000AXM6UIAX","","","","","","","false","true","86401619447514586","false","","","",""
"a2GHo000001ueMtMAI","005Ho00000AXM6UIAX","","Manage Budget Screen","2023-10-31T13:56:27.000Z","005Ho00000AXM6UIAX","2023-10-31T13:56:27.000Z","005Ho00000AXM6UIAX","","","","","","","false","true","69461619447514587","false","","","",""
"a2GHo000001ueMuMAI","005Ho00000AXM6UIAX","","Draw Overview Screen","2023-10-31T13:56:27.000Z","005Ho00000AXM6UIAX","2023-10-31T13:56:27.000Z","005Ho00000AXM6UIAX","","","","","","","false","true","43041619447514587","false","","","",""
"a2GHo000001ueMvMAI","005Ho00000AXM6UIAX","","Draw History Screen","2023-10-31T13:56:27.000Z","005Ho00000AXM6UIAX","2023-10-31T13:56:27.000Z","005Ho00000AXM6UIAX","","","","","","","false","true","12061619447514587","false","","","",""
"a2GHo000001ueMwMAI","005Ho00000AXM6UIAX","","Payment Structure","2023-10-31T13:56:27.000Z","005Ho00000AXM6UIAX","2023-10-31T13:56:27.000Z","005Ho00000AXM6UIAX","","","","","","","false","true","48261619447514581","false","","","",""
"a2GHo000001ueMxMAI","005Ho00000AXM6UIAX","","Rate Structure","2023-10-31T13:56:27.000Z","005Ho00000AXM6UIAX","2023-10-31T13:56:27.000Z","005Ho00000AXM6UIAX","","","","","","","false","true","74211619447514581","false","","","",""
"a2GHo000001ueMyMAI","005Ho00000AXM6UIAX","","Editable Fields","2023-10-31T13:56:27.000Z","005Ho00000AXM6UIAX","2023-10-31T13:56:27.000Z","005Ho00000AXM6UIAX","","","","","","","false","true","66981619447514587","false","","","",""
"a2GHo000001ueMzMAI","005Ho00000AXM6UIAX","","Rate & Payment Structure","2023-10-31T13:56:27.000Z","005Ho00000AXM6UIAX","2023-10-31T13:56:27.000Z","005Ho00000AXM6UIAX","","","","","","","false","true","24751619447514588","false","","","",""
"a2GHo000001ueN0MAI","005Ho00000AXM6UIAX","","Loan Details","2023-10-31T13:56:27.000Z","005Ho00000AXM6UIAX","2023-10-31T13:56:27.000Z","005Ho00000AXM6UIAX","","","","","","","false","true","84351619447514588","false","","","",""
"a2GHo000001ueN1MAI","005Ho00000AXM6UIAX","","Certifications","2023-10-31T13:56:27.000Z","005Ho00000AXM6UIAX","2023-10-31T13:56:27.000Z","005Ho00000AXM6UIAX","","","","","","","false","true","98061620937671556","false","","","",""
"a2GHo000001ueN2MAI","005Ho00000AXM6UIAX","","Third Party Management","2023-10-31T13:56:27.000Z","005Ho00000AXM6UIAX","2023-10-31T13:56:27.000Z","005Ho00000AXM6UIAX","","","","","","","false","true","78611620937671557","false","","","",""
"a2GHo000001ueN3MAI","005Ho00000AXM6UIAX","","Pricing Required Fields","2023-10-31T13:56:27.000Z","005Ho00000AXM6UIAX","2023-10-31T13:56:27.000Z","005Ho00000AXM6UIAX","","","","","","","false","true","61711620937671558","false","","","",""
"a2GHo000001ueN4MAI","005Ho00000AXM6UIAX","","Risk Rating","2023-10-31T13:56:27.000Z","005Ho00000AXM6UIAX","2023-10-31T13:56:27.000Z","005Ho00000AXM6UIAX","","","","","","","false","true","25211620937671559","false","","","",""
"a2GHo000001ueN5MAI","005Ho00000AXM6UIAX","","Policy Exceptions","2023-10-31T13:56:27.000Z","005Ho00000AXM6UIAX","2023-10-31T13:56:27.000Z","005Ho00000AXM6UIAX","","","","","","","false","true","42274618989959014","false","","","",""
"a2GHo000001ueN6MAI","005Ho00000AXM6UIAX","","Change Memo","2023-10-31T13:56:27.000Z","005Ho00000AXM6UIAX","2023-10-31T13:56:27.000Z","005Ho00000AXM6UIAX","","","","","","","false","true","04391620937671559","false","","","",""
"a2GHo000001ueN7MAI","005Ho00000AXM6UIAX","","Fees Summary","2023-10-31T13:56:27.000Z","005Ho00000AXM6UIAX","2023-10-31T13:56:27.000Z","005Ho00000AXM6UIAX","","","","","","","false","true","66261620937671560","false","","","",""
"a2GHo000001ueN8MAI","005Ho00000AXM6UIAX","","Enhanced Fees Management","2023-10-31T13:56:27.000Z","005Ho00000AXM6UIAX","2023-10-31T13:56:27.000Z","005Ho00000AXM6UIAX","","","","","","","false","true","28731620937671557","false","","","",""
"a2GHo000001ueN9MAI","005Ho00000AXM6UIAX","","Team Members","2023-10-31T13:56:27.000Z","005Ho00000AXM6UIAX","2023-10-31T13:56:27.000Z","005Ho00000AXM6UIAX","","","","","","","false","true","71561620937671560","false","","","",""
"a2GHo000001ueNAMAY","005Ho00000AXM6UIAX","","Fees Approved","2023-10-31T13:56:27.000Z","005Ho00000AXM6UIAX","2023-10-31T13:56:27.000Z","005Ho00000AXM6UIAX","","","","","","","false","true","86411620937671561","false","","","",""
"a2GHo000001ueNBMAY","005Ho00000AXM6UIAX","","Third Party Reports","2023-10-31T13:56:27.000Z","005Ho00000AXM6UIAX","2023-10-31T13:56:27.000Z","005Ho00000AXM6UIAX","","","","","","","false","true","21441620937671561","false","","","",""
"a2GHo000001ueNCMAY","005Ho00000AXM6UIAX","","Approved Details","2023-10-31T13:56:27.000Z","005Ho00000AXM6UIAX","2023-10-31T13:56:27.000Z","005Ho00000AXM6UIAX","","","","","","","false","true","29281620937671561","false","","","",""
"a2GHo000001ueNDMAY","005Ho00000AXM6UIAX","","Participations","2023-10-31T13:56:27.000Z","005Ho00000AXM6UIAX","2023-10-31T13:56:27.000Z","005Ho00000AXM6UIAX","","","","","","","false","true","66011620937671561","false","","","",""
"a2GHo000001ueNEMAY","005Ho00000AXM6UIAX","","Pricing Approved","2023-10-31T13:56:27.000Z","005Ho00000AXM6UIAX","2023-10-31T13:56:27.000Z","005Ho00000AXM6UIAX","","","","","","","false","true","31801620937671562","false","","","",""
"a2GHo000001ueNFMAY","005Ho00000AXM6UIAX","","Adverse Actions","2023-10-31T13:56:27.000Z","005Ho00000AXM6UIAX","2023-10-31T13:56:27.000Z","005Ho00000AXM6UIAX","","","","","","","false","true","46681620937671562","false","","","",""
"a2GHo000001ueNGMAY","005Ho00000AXM6UIAX","","Loan Team Member Information","2023-10-31T13:56:27.000Z","005Ho00000AXM6UIAX","2023-10-31T13:56:27.000Z","005Ho00000AXM6UIAX","","","","","","","false","true","42661620937671562","false","","","",""
"a2GHo000001ueNHMAY","005Ho00000AXM6UIAX","","Balance Details","2023-10-31T13:56:27.000Z","005Ho00000AXM6UIAX","2023-10-31T13:56:27.000Z","005Ho00000AXM6UIAX","","","","","","","false","true","31161620937671562","false","","","",""
"a2GHo000001ueNIMAY","005Ho00000AXM6UIAX","","Booked Information","2023-10-31T13:56:27.000Z","005Ho00000AXM6UIAX","2023-10-31T13:56:27.000Z","005Ho00000AXM6UIAX","","","","","","","false","true","41591620937671563","false","","","",""
"a2GHo000001ueNJMAY","005Ho00000AXM6UIAX","","Collateral2","2023-10-31T13:56:27.000Z","005Ho00000AXM6UIAX","2023-10-31T13:56:27.000Z","005Ho00000AXM6UIAX","","","","","","","false","true","31331620937671558","false","","","",""
"a2GHo000001ueNKMAY","005Ho00000AXM6UIAX","","CRA Screen","2023-10-31T13:56:27.000Z","005Ho00000AXM6UIAX","2023-10-31T13:56:27.000Z","005Ho00000AXM6UIAX","","","","","","","false","true","33681620937671563","false","","","",""
"a2GHo000001ueNLMAY","005Ho00000AXM6UIAX","","Loan Dashboard Summary Screen","2023-10-31T13:56:27.000Z","005Ho00000AXM6UIAX","2023-10-31T13:56:27.000Z","005Ho00000AXM6UIAX","","","","","","","false","true","92291620937671563","false","","","",""
"a2GHo000001ueNMMAY","005Ho00000AXM6UIAX","","HMDA Screen 1","2023-10-31T13:56:27.000Z","005Ho00000AXM6UIAX","2023-10-31T13:56:27.000Z","005Ho00000AXM6UIAX","","","","","","","false","true","71331620937671563","false","","","",""
"a2GHo000001ueNNMAY","005Ho00000AXM6UIAX","","Loan Details","2023-10-31T13:56:27.000Z","005Ho00000AXM6UIAX","2023-10-31T13:56:27.000Z","005Ho00000AXM6UIAX","","","","","","","false","true","17781620937671564","false","","","",""
"a2GHo000001ueNOMAY","005Ho00000AXM6UIAX","","Borrowing Structure Information","2023-10-31T13:56:27.000Z","005Ho00000AXM6UIAX","2023-10-31T13:56:27.000Z","005Ho00000AXM6UIAX","","","","","","","false","true","76391620937671558","false","","","",""
"a2GHo000001ueNPMAY","005Ho00000AXM6UIAX","","Budget Details","2023-10-31T13:56:27.000Z","005Ho00000AXM6UIAX","2023-10-31T13:56:27.000Z","005Ho00000AXM6UIAX","","","","","","","false","true","14841620937671564","false","","","",""
"a2GHo000001ueNQMAY","005Ho00000AXM6UIAX","","Entity Compliance Screen","2023-10-31T13:56:27.000Z","005Ho00000AXM6UIAX","2023-10-31T13:56:27.000Z","005Ho00000AXM6UIAX","","","","","","","false","true","40861620937671564","false","","","",""
"a2GHo000001ueNRMAY","005Ho00000AXM6UIAX","","Loan Compliance Screen","2023-10-31T13:56:27.000Z","005Ho00000AXM6UIAX","2023-10-31T13:56:27.000Z","005Ho00000AXM6UIAX","","","","","","","false","true","49751620937671564","false","","","",""
"a2GHo000001ueNSMAY","005Ho00000AXM6UIAX","","Manage Budget Screen","2023-10-31T13:56:27.000Z","005Ho00000AXM6UIAX","2023-10-31T13:56:27.000Z","005Ho00000AXM6UIAX","","","","","","","false","true","29611620937671565","false","","","",""
"a2GHo000001ueNTMAY","005Ho00000AXM6UIAX","","Draw Overview Screen","2023-10-31T13:56:27.000Z","005Ho00000AXM6UIAX","2023-10-31T13:56:27.000Z","005Ho00000AXM6UIAX","","","","","","","false","true","74561620937671565","false","","","",""
"a2GHo000001ueNUMAY","005Ho00000AXM6UIAX","","Draw History Screen","2023-10-31T13:56:27.000Z","005Ho00000AXM6UIAX","2023-10-31T13:56:27.000Z","005Ho00000AXM6UIAX","","","","","","","false","true","95711620937671565","false","","","",""
"a2GHo000001ueNVMAY","005Ho00000AXM6UIAX","","Payment Structure","2023-10-31T13:56:27.000Z","005Ho00000AXM6UIAX","2023-10-31T13:56:27.000Z","005Ho00000AXM6UIAX","","","","","","","false","true","78401620937671559","false","","","",""
"a2GHo000001ueNWMAY","005Ho00000AXM6UIAX","","Rate Structure","2023-10-31T13:56:27.000Z","005Ho00000AXM6UIAX","2023-10-31T13:56:27.000Z","005Ho00000AXM6UIAX","","","","","","","false","true","43041620937671558","false","","","",""
"a2GHo000001ueNXMAY","005Ho00000AXM6UIAX","","Rate & Payment Structure","2023-10-31T13:56:27.000Z","005Ho00000AXM6UIAX","2023-10-31T13:56:27.000Z","005Ho00000AXM6UIAX","","","","","","","false","true","55871620937671566","false","","","",""
"a2GHo000001ueNYMAY","005Ho00000AXM6UIAX","","Loan Details","2023-10-31T13:56:27.000Z","005Ho00000AXM6UIAX","2023-10-31T13:56:27.000Z","005Ho00000AXM6UIAX","","","","","","","false","true","28631620937671566","false","","","",""
"a2GHo000001ueNZMAY","005Ho00000AXM6UIAX","","Short Term Extensions","2023-10-31T13:56:27.000Z","005Ho00000AXM6UIAX","2023-10-31T13:56:27.000Z","005Ho00000AXM6UIAX","","","","","","","false","true","rcaui-42146575989","false","","","",""
"a2GHo000001ugGiMAI","005Ho00000AXM6UIAX","","SBA Form 1920","2023-11-03T15:06:12.000Z","005Ho00000AXM6UIAX","2023-11-03T19:39:28.000Z","005Ho00000AXM6UIAX","","","","","","","false","true","a2G4S0000006URXUA2","false","","","",""
"a2GHo000001ugHPMAY","005Ho00000AXM6UIAX","","DEP Personal Info (Individual)","2023-11-03T15:06:14.000Z","005Ho00000AXM6UIAX","2023-11-03T19:39:28.000Z","005Ho00000AXM6UIAX","","","","","","","false","true","42747891239502889","false","","","",""
"a2GHo000001ugHQMAY","005Ho00000AXM6UIAX","","DEP Personal Info (Individual Additional Owner)","2023-11-03T15:06:14.000Z","005Ho00000AXM6UIAX","2023-11-03T19:39:28.000Z","005Ho00000AXM6UIAX","","","","","","","false","true","42877898799061822","false","","","",""
"a2GHo000001ugHRMAY","005Ho00000AXM6UIAX","","DEP Business Info","2023-11-03T15:06:14.000Z","005Ho00000AXM6UIAX","2023-11-03T19:39:28.000Z","005Ho00000AXM6UIAX","","","","","","","false","true","42521926955999322","false","","","",""
"a2GHo000001ugHWMAY","005Ho00000AXM6UIAX","","Add Beneficiaries","2023-11-03T15:06:14.000Z","005Ho00000AXM6UIAX","2023-11-03T19:39:28.000Z","005Ho00000AXM6UIAX","","","","","","","false","true","42933845298338736","false","","4.0","","Beneficiary Information"
"a2GHo000001ugHXMAY","005Ho00000AXM6UIAX","","ReviewSubmitLoan","2023-11-03T15:06:14.000Z","005Ho00000AXM6UIAX","2023-11-03T19:39:28.000Z","005Ho00000AXM6UIAX","","","","","","","false","false","663C2A1F_6450_4217_911C_753916454F18","false","","","",""
"a2GHo000001ugHYMAY","005Ho00000AXM6UIAX","","ReviewSubmitDeposit","2023-11-03T15:06:14.000Z","005Ho00000AXM6UIAX","2023-11-03T19:39:28.000Z","005Ho00000AXM6UIAX","","","","","","","false","false","32784779_5423_4348_B702_0A3978035931","false","","","",""
"a2GHo000001ugHZMAY","005Ho00000AXM6UIAX","","DEP Interest Information (Individual)","2023-11-03T15:06:14.000Z","005Ho00000AXM6UIAX","2023-11-03T19:39:28.000Z","005Ho00000AXM6UIAX","","","","","","","false","true","42810462241793916","false","","","",""
"a2GHo000001ugHaMAI","005Ho00000AXM6UIAX","","DEP Personal Info (business)","2023-11-03T15:06:14.000Z","005Ho00000AXM6UIAX","2023-11-03T19:39:28.000Z","005Ho00000AXM6UIAX","","","","","","","false","true","45611598381727710","false","","","",""
"a2GHo000001ugHcMAI","005Ho00000AXM6UIAX","","DEP Personal Info (business co owner)","2023-11-03T15:06:14.000Z","005Ho00000AXM6UIAX","2023-11-03T19:39:28.000Z","005Ho00000AXM6UIAX","","","","","","","false","true","66201598553323869","false","","","",""
"a2GHo000001ugHgMAI","005Ho00000AXM6UIAX","","Statement Mailing Address","2023-11-03T15:06:14.000Z","005Ho00000AXM6UIAX","2023-11-03T19:39:28.000Z","005Ho00000AXM6UIAX","","","","","","","false","true","42649164738446918","false","","","",""
"a2GHo000001ugHiMAI","005Ho00000AXM6UIAX","","Beneficial Owners","2023-11-03T15:06:14.000Z","005Ho00000AXM6UIAX","2023-11-03T19:39:28.000Z","005Ho00000AXM6UIAX","","","","","","","false","true","42420206330006732","false","","5.0","0.0","Beneficial Owner"
"a2GHo000001ugHjMAI","005Ho00000AXM6UIAX","","Secured SBL Eligibility - Test PDI","2023-11-03T15:06:14.000Z","005Ho00000AXM6UIAX","2023-11-03T19:39:28.000Z","005Ho00000AXM6UIAX","","","","","","","false","true","42522355733503858","false","","","",""
"a2GHo000001ugHkMAI","005Ho00000AXM6UIAX","","Application Details","2023-11-03T15:06:14.000Z","005Ho00000AXM6UIAX","2023-11-03T19:39:28.000Z","005Ho00000AXM6UIAX","","","","","","","false","true","42031262758117926","false","","","",""
"a2GHo000001ugHlMAI","005Ho00000AXM6UIAX","","Collateral Summary","2023-11-03T15:06:14.000Z","005Ho00000AXM6UIAX","2023-11-03T19:39:28.000Z","005Ho00000AXM6UIAX","","","","","","","false","true","42844102433828463","false","","","",""
"a2GHo000001ugHmMAI","005Ho00000AXM6UIAX","","Enhanced Fees Management","2023-11-03T15:06:14.000Z","005Ho00000AXM6UIAX","2023-11-03T19:39:28.000Z","005Ho00000AXM6UIAX","","","","","","","false","true","42636543826044552","false","","","",""
"a2GHo000001ugHnMAI","005Ho00000AXM6UIAX","","Third Party Management","2023-11-03T15:06:14.000Z","005Ho00000AXM6UIAX","2023-11-03T19:39:28.000Z","005Ho00000AXM6UIAX","","","","","","","false","true","42777805345713930","false","","","",""
"a2GHo000001ugHoMAI","005Ho00000AXM6UIAX","","Underwriting Details","2023-11-03T15:06:14.000Z","005Ho00000AXM6UIAX","2023-11-03T19:39:28.000Z","005Ho00000AXM6UIAX","","","","","","","false","true","42328640624982813","false","","","",""
"a2GHo000001ugHpMAI","005Ho00000AXM6UIAX","","HMDA","2023-11-03T15:06:14.000Z","005Ho00000AXM6UIAX","2023-11-03T19:39:28.000Z","005Ho00000AXM6UIAX","","","","","","","false","true","42205446113358093","false","","","",""
"a2GHo000001ugHqMAI","005Ho00000AXM6UIAX","","Application Details","2023-11-03T15:06:14.000Z","005Ho00000AXM6UIAX","2023-11-03T19:39:28.000Z","005Ho00000AXM6UIAX","","","","","","","false","true","59661600720267874","false","","","",""
"a2GHo000001ugHrMAI","005Ho00000AXM6UIAX","","Collateral Summary","2023-11-03T15:06:14.000Z","005Ho00000AXM6UIAX","2023-11-03T19:39:28.000Z","005Ho00000AXM6UIAX","","","","","","","false","true","55841600720267874","false","","","",""
"a2GHo000001ugHsMAI","005Ho00000AXM6UIAX","","Enhanced Fees Management","2023-11-03T15:06:14.000Z","005Ho00000AXM6UIAX","2023-11-03T19:39:28.000Z","005Ho00000AXM6UIAX","","","","","","","false","true","53471600720267875","false","","","",""
"a2GHo000001ugHtMAI","005Ho00000AXM6UIAX","","Third Party Management","2023-11-03T15:06:14.000Z","005Ho00000AXM6UIAX","2023-11-03T19:39:28.000Z","005Ho00000AXM6UIAX","","","","","","","false","true","32571600720267875","false","","","",""
"a2GHo000001ugHuMAI","005Ho00000AXM6UIAX","","Underwriting Details1","2023-11-03T15:06:14.000Z","005Ho00000AXM6UIAX","2023-11-03T19:39:28.000Z","005Ho00000AXM6UIAX","","","","","","","false","true","07911600720267875","false","","","",""
"a2GHo000001ugHvMAI","005Ho00000AXM6UIAX","","HMDA","2023-11-03T15:06:14.000Z","005Ho00000AXM6UIAX","2023-11-03T19:39:28.000Z","005Ho00000AXM6UIAX","","","","","","","false","true","43751600720267875","false","","","",""
"a2GHo000001ugI2MAI","005Ho00000AXM6UIAX","","Credit Authorization/Joint Intent","2023-11-03T15:06:14.000Z","005Ho00000AXM6UIAX","2023-11-03T19:39:28.000Z","005Ho00000AXM6UIAX","","","","","","","false","true","42820867345365240","false","","","",""
"a2GHo000001ugI4MAI","005Ho00000AXM6UIAX","","Next Steps","2023-11-03T15:06:14.000Z","005Ho00000AXM6UIAX","2023-11-03T19:39:28.000Z","005Ho00000AXM6UIAX","","","","","","","false","true","42597622962511405","false","","","",""
"a2GHo000001ugI5MAI","005Ho00000AXM6UIAX","","Manual Underwriting","2023-11-03T15:06:14.000Z","005Ho00000AXM6UIAX","2023-11-03T19:39:28.000Z","005Ho00000AXM6UIAX","","","","","","","false","true","42798477393046069","false","","","",""
"a2GHo000001ugI6MAI","005Ho00000AXM6UIAX","","Approval Details","2023-11-03T15:06:14.000Z","005Ho00000AXM6UIAX","2023-11-03T19:39:28.000Z","005Ho00000AXM6UIAX","","","","","","","false","true","42722997428486649","false","","","",""
"a2GHo000001ugI8MAI","005Ho00000AXM6UIAX","","Secured RL Eligibility","2023-11-03T15:06:14.000Z","005Ho00000AXM6UIAX","2023-11-03T19:39:28.000Z","005Ho00000AXM6UIAX","","","","","","","false","true","42680677819141440","false","","","",""
"a2GHo000001ugI9MAI","005Ho00000AXM6UIAX","","RL Personal","2023-11-03T15:06:14.000Z","005Ho00000AXM6UIAX","2023-11-03T19:39:28.000Z","005Ho00000AXM6UIAX","","","","","","","false","true","42839024562930024","false","","","",""
"a2GHo000001ugIAMAY","005Ho00000AXM6UIAX","","Secured RL Personal (Individual Other Involved)","2023-11-03T15:06:14.000Z","005Ho00000AXM6UIAX","2023-11-03T19:39:28.000Z","005Ho00000AXM6UIAX","","","","","","","false","true","42134323729079888","false","","","",""
"a2GHo000001ugIBMAY","005Ho00000AXM6UIAX","","Secured RL Eligibility","2023-11-03T15:06:14.000Z","005Ho00000AXM6UIAX","2023-11-03T19:39:28.000Z","005Ho00000AXM6UIAX","","","","","","","false","true","12661602078251380","false","","","",""
"a2GHo000001ugIDMAY","005Ho00000AXM6UIAX","","Online Income Information","2023-11-03T15:06:14.000Z","005Ho00000AXM6UIAX","2023-11-03T19:39:28.000Z","005Ho00000AXM6UIAX","","","","","","","false","true","42234563213912901","false","","4.0","1.0",""
"a2GHo000001ugIEMAY","005Ho00000AXM6UIAX","","OARL Personal Info (Individual)","2023-11-03T15:06:14.000Z","005Ho00000AXM6UIAX","2023-11-03T19:39:28.000Z","005Ho00000AXM6UIAX","","","","","","","false","true","42323239843997996","false","","","",""
"a2GHo000001ugIFMAY","005Ho00000AXM6UIAX","","Secured RL Personal (Individual Other Involved)","2023-11-03T15:06:14.000Z","005Ho00000AXM6UIAX","2023-11-03T19:39:28.000Z","005Ho00000AXM6UIAX","","","","","","","false","true","14111602603021209","false","","","",""
"a2GHo000001ugIGMAY","005Ho00000AXM6UIAX","","Rental Expense","2023-11-03T15:06:14.000Z","005Ho00000AXM6UIAX","2023-11-03T19:39:28.000Z","005Ho00000AXM6UIAX","","","","","","","false","true","42676652900382649","false","","1.0","1.0",""
"a2GHo000001ugIJMAY","005Ho00000AXM6UIAX","","Enhanced Fees Management","2023-11-03T15:06:14.000Z","005Ho00000AXM6UIAX","2023-11-03T19:39:28.000Z","005Ho00000AXM6UIAX","","","","","","","false","true","70101602764631366","false","","","",""
"a2GHo000001ugIKMAY","005Ho00000AXM6UIAX","","Third Party Management","2023-11-03T15:06:14.000Z","005Ho00000AXM6UIAX","2023-11-03T19:39:28.000Z","005Ho00000AXM6UIAX","","","","","","","false","true","48401602764631366","false","","","",""
"a2GHo000001ugILMAY","005Ho00000AXM6UIAX","","Underwriting Details1","2023-11-03T15:06:14.000Z","005Ho00000AXM6UIAX","2023-11-03T19:39:28.000Z","005Ho00000AXM6UIAX","","","","","","","false","true","23681602764631366","false","","","",""
"a2GHo000001ugIMMAY","005Ho00000AXM6UIAX","","HMDA","2023-11-03T15:06:14.000Z","005Ho00000AXM6UIAX","2023-11-03T19:39:28.000Z","005Ho00000AXM6UIAX","","","","","","","false","true","73351602764631366","false","","","",""
"a2GHo000001ugINMAY","005Ho00000AXM6UIAX","","Borrowing Structure","2023-11-03T15:06:14.000Z","005Ho00000AXM6UIAX","2023-11-03T19:39:28.000Z","005Ho00000AXM6UIAX","","","","","","","false","true","71161602764631367","false","","","",""
"a2GHo000001ugIOMAY","005Ho00000AXM6UIAX","","Next Steps","2023-11-03T15:06:14.000Z","005Ho00000AXM6UIAX","2023-11-03T19:39:28.000Z","005Ho00000AXM6UIAX","","","","","","","false","true","42621602764631367","false","","","",""
"a2GHo000001ugIPMAY","005Ho00000AXM6UIAX","","Manual Underwriting","2023-11-03T15:06:14.000Z","005Ho00000AXM6UIAX","2023-11-03T19:39:28.000Z","005Ho00000AXM6UIAX","","","","","","","false","true","81511602764631367","false","","","",""
"a2GHo000001ugIQMAY","005Ho00000AXM6UIAX","","Approval Details","2023-11-03T15:06:14.000Z","005Ho00000AXM6UIAX","2023-11-03T19:39:28.000Z","005Ho00000AXM6UIAX","","","","","","","false","true","37541602764631367","false","","","",""
"a2GHo000001ugIRMAY","005Ho00000AXM6UIAX","","Application Details","2023-11-03T15:06:14.000Z","005Ho00000AXM6UIAX","2023-11-03T19:39:28.000Z","005Ho00000AXM6UIAX","","","","","","","false","true","42724462769795377","false","","","",""
"a2GHo000001ugISMAY","005Ho00000AXM6UIAX","","Loan Team","2023-11-03T15:06:14.000Z","005Ho00000AXM6UIAX","2023-11-03T19:39:28.000Z","005Ho00000AXM6UIAX","","","","","","","false","true","42799819999780737","false","","","",""
"a2GHo000001ugITMAY","005Ho00000AXM6UIAX","","Collateral- Locked","2023-11-03T15:06:14.000Z","005Ho00000AXM6UIAX","2023-11-03T19:39:28.000Z","005Ho00000AXM6UIAX","","","","","","","false","true","42741467655006969","false","","","",""
"a2GHo000001ugIUMAY","005Ho00000AXM6UIAX","","Retail - Editable Details","2023-11-03T15:06:14.000Z","005Ho00000AXM6UIAX","2023-11-03T19:39:28.000Z","005Ho00000AXM6UIAX","","","","","","","false","true","42220999464658455","false","","","",""
"a2GHo000001ugIWMAY","005Ho00000AXM6UIAX","","Secured RL Eligibility","2023-11-03T15:06:14.000Z","005Ho00000AXM6UIAX","2023-11-03T19:39:28.000Z","005Ho00000AXM6UIAX","","","","","","","false","true","98421603129897051","false","","","",""
"a2GHo000001ugIXMAY","005Ho00000AXM6UIAX","","Rental Expense- Other involved","2023-11-03T15:06:14.000Z","005Ho00000AXM6UIAX","2023-11-03T19:39:28.000Z","005Ho00000AXM6UIAX","","","","","","","false","true","42661183844977569","false","","1.0","0.0",""
"a2GHo000001ugIYMAY","005Ho00000AXM6UIAX","","Add Owners MRF","2023-11-03T15:06:14.000Z","005Ho00000AXM6UIAX","2023-11-03T19:39:28.000Z","005Ho00000AXM6UIAX","","","","","","","false","true","42247669763471219","false","","","",""
"a2GHo000001ugIZMAY","005Ho00000AXM6UIAX","","Add Signers MRF","2023-11-03T15:06:14.000Z","005Ho00000AXM6UIAX","2023-11-03T19:39:28.000Z","005Ho00000AXM6UIAX","","","","","","","false","true","42865719039783387","false","","","",""
"a2GHo000001ugIaMAI","005Ho00000AXM6UIAX","","Add Others Involved MRF","2023-11-03T15:06:14.000Z","005Ho00000AXM6UIAX","2023-11-03T19:39:28.000Z","005Ho00000AXM6UIAX","","","","","","","false","true","42136054162613079","false","","","",""
"a2GHo000001ugIbMAI","005Ho00000AXM6UIAX","","Add Others Involved MRF","2023-11-03T15:06:14.000Z","005Ho00000AXM6UIAX","2023-11-03T19:39:28.000Z","005Ho00000AXM6UIAX","","","","","","","false","true","42057741056995051","false","","","",""
"a2GHo000001ugIcMAI","005Ho00000AXM6UIAX","","Add Others Involved MRF","2023-11-03T15:06:14.000Z","005Ho00000AXM6UIAX","2023-11-03T19:39:28.000Z","005Ho00000AXM6UIAX","","","","","","","false","true","42436459684933691","false","","","",""
"a2GHo000001ugIdMAI","005Ho00000AXM6UIAX","","Add Others Involved MRF","2023-11-03T15:06:14.000Z","005Ho00000AXM6UIAX","2023-11-03T19:39:28.000Z","005Ho00000AXM6UIAX","","","","","","","false","true","42552938228272786","false","","","",""
"a2GHo000001ugIfMAI","005Ho00000AXM6UIAX","","Adverse Actions/Counter Offers","2023-11-03T15:06:14.000Z","005Ho00000AXM6UIAX","2023-11-03T19:39:28.000Z","005Ho00000AXM6UIAX","","","","","","","false","true","42714169169259151","false","","","",""
"a2GHo000001ugIrMAI","005Ho00000AXM6UIAX","","Next Steps","2023-11-03T15:06:14.000Z","005Ho00000AXM6UIAX","2023-11-03T19:39:28.000Z","005Ho00000AXM6UIAX","","","","","","","false","true","85491640791247590","false","","","",""
"a2GHo000001ugJEMAY","005Ho00000AXM6UIAX","","Entity Compliance Screen","2023-11-03T15:06:14.000Z","005Ho00000AXM6UIAX","2023-11-03T19:39:28.000Z","005Ho00000AXM6UIAX","","","","","","","false","true","42391663700624859","false","","","",""
"a2GHo000001ugJFMAY","005Ho00000AXM6UIAX","","Loan Compliance Screen","2023-11-03T15:06:14.000Z","005Ho00000AXM6UIAX","2023-11-03T19:39:28.000Z","005Ho00000AXM6UIAX","","","","","","","false","true","63951663700624860","false","","","",""
"a2GHo000001ugJGMAY","005Ho00000AXM6UIAX","","Adverse Actions","2023-11-03T15:06:14.000Z","005Ho00000AXM6UIAX","2023-11-03T19:39:28.000Z","005Ho00000AXM6UIAX","","","","","","","false","true","50491663700624860","false","","","",""
"a2GHo000001ugJJMAY","005Ho00000AXM6UIAX","","Enhanced Fees Management","2023-11-03T15:06:14.000Z","005Ho00000AXM6UIAX","2023-11-03T19:39:28.000Z","005Ho00000AXM6UIAX","","","","","","","false","true","29231663700624862","false","","","",""
"a2GHo000001ugJKMAY","005Ho00000AXM6UIAX","","Third Party Management","2023-11-03T15:06:14.000Z","005Ho00000AXM6UIAX","2023-11-03T19:39:28.000Z","005Ho00000AXM6UIAX","","","","","","","false","true","45191663700624862","false","","","",""
"a2GHo000001ugJLMAY","005Ho00000AXM6UIAX","","Underwriting Details1","2023-11-03T15:06:14.000Z","005Ho00000AXM6UIAX","2023-11-03T19:39:28.000Z","005Ho00000AXM6UIAX","","","","","","","false","true","31001663700624862","false","","","",""
"a2GHo000001ugJMMAY","005Ho00000AXM6UIAX","","HMDA","2023-11-03T15:06:14.000Z","005Ho00000AXM6UIAX","2023-11-03T19:39:28.000Z","005Ho00000AXM6UIAX","","","","","","","false","true","94881663700624862","false","","","",""
"a2GHo000001ugJOMAY","005Ho00000AXM6UIAX","","Next Steps","2023-11-03T15:06:14.000Z","005Ho00000AXM6UIAX","2023-11-03T19:39:28.000Z","005Ho00000AXM6UIAX","","","","","","","false","true","92101663700624863","false","","","",""
"a2GHo000001ugJPMAY","005Ho00000AXM6UIAX","","Manual Underwriting","2023-11-03T15:06:14.000Z","005Ho00000AXM6UIAX","2023-11-03T19:39:28.000Z","005Ho00000AXM6UIAX","","","","","","","false","true","49551663700624863","false","","","",""
"a2GHo000001ugJQMAY","005Ho00000AXM6UIAX","","Approval Details","2023-11-03T15:06:14.000Z","005Ho00000AXM6UIAX","2023-11-03T19:39:28.000Z","005Ho00000AXM6UIAX","","","","","","","false","true","62551663700624864","false","","","",""
"a2GHo000001ugJRMAY","005Ho00000AXM6UIAX","","Loan Team","2023-11-03T15:06:14.000Z","005Ho00000AXM6UIAX","2023-11-03T19:39:28.000Z","005Ho00000AXM6UIAX","","","","","","","false","true","39231663700624864","false","","","",""
"a2GHo000001ugJSMAY","005Ho00000AXM6UIAX","","Adverse Actions/Counter Offers","2023-11-03T15:06:14.000Z","005Ho00000AXM6UIAX","2023-11-03T19:39:28.000Z","005Ho00000AXM6UIAX","","","","","","","false","true","11031663700624864","false","","","",""
"a2GHo000001ugJTMAY","005Ho00000AXM6UIAX","","Borrowing Structure Information","2023-11-03T15:06:14.000Z","005Ho00000AXM6UIAX","2023-11-03T19:39:28.000Z","005Ho00000AXM6UIAX","","","","","","","false","true","91481663700624865","false","","","",""
"a2GHo000001ugJUMAY","005Ho00000AXM6UIAX","","SBL Personal","2023-11-03T15:06:14.000Z","005Ho00000AXM6UIAX","2023-11-03T19:39:28.000Z","005Ho00000AXM6UIAX","","","","","","","false","true","17701666029074779","false","","","",""
"a2GHo000001ugJVMAY","005Ho00000AXM6UIAX","","SBL Eligibility","2023-11-03T15:06:14.000Z","005Ho00000AXM6UIAX","2023-11-03T19:39:28.000Z","005Ho00000AXM6UIAX","","","","","","","false","true","69681666029074780","false","","","",""
"a2GHo000001ugJWMAY","005Ho00000AXM6UIAX","","SBL Business Info","2023-11-03T15:06:14.000Z","005Ho00000AXM6UIAX","2023-11-03T19:39:28.000Z","005Ho00000AXM6UIAX","","","","","","","false","true","50791666029074780","false","","","",""
"a2GHo000001ugJXMAY","005Ho00000AXM6UIAX","","Online Income Information","2023-11-03T15:06:14.000Z","005Ho00000AXM6UIAX","2023-11-03T19:39:28.000Z","005Ho00000AXM6UIAX","","","","","","","false","true","55861666029074781","false","","4.0","1.0",""
"a2GHo000001ugJYMAY","005Ho00000AXM6UIAX","","Rental Expense- Other involved","2023-11-03T15:06:14.000Z","005Ho00000AXM6UIAX","2023-11-03T19:39:28.000Z","005Ho00000AXM6UIAX","","","","","","","false","true","41021666029074781","false","","1.0","0.0",""
"a2GHo000001ugJZMAY","005Ho00000AXM6UIAX","","Add Others Involved MRF","2023-11-03T15:06:14.000Z","005Ho00000AXM6UIAX","2023-11-03T19:39:28.000Z","005Ho00000AXM6UIAX","","","","","","","false","true","71851666029074781","false","","","",""
"a2GHo000001ugJaMAI","005Ho00000AXM6UIAX","","Add Beneficial Owner OA","2023-11-03T15:06:14.000Z","005Ho00000AXM6UIAX","2023-11-03T19:39:28.000Z","005Ho00000AXM6UIAX","","","","","","","false","true","20221666029074782","false","","","",""
"a2GHo000001ugJbMAI","005Ho00000AXM6UIAX","","Credit Check","2023-11-03T15:06:14.000Z","005Ho00000AXM6UIAX","2023-11-03T19:39:28.000Z","005Ho00000AXM6UIAX","","","","","","","false","true","60941666029074782","false","","","",""
"a2GHo000001ugJcMAI","005Ho00000AXM6UIAX","","Other Expenses","2023-11-03T15:06:14.000Z","005Ho00000AXM6UIAX","2023-11-03T19:39:28.000Z","005Ho00000AXM6UIAX","","","","","","","false","true","26701666029074783","false","","","",""
"a2GHo000001ugJdMAI","005Ho00000AXM6UIAX","","Application Details - Locked","2023-11-03T15:06:14.000Z","005Ho00000AXM6UIAX","2023-11-03T19:39:28.000Z","005Ho00000AXM6UIAX","","","","","","","false","true","42011209839901498","false","","","",""
"a2GHo000001ugJeMAI","005Ho00000AXM6UIAX","","SBL - Editable Details","2023-11-03T15:06:14.000Z","005Ho00000AXM6UIAX","2023-11-03T19:39:28.000Z","005Ho00000AXM6UIAX","","","","","","","false","true","42827405195124985","false","","","",""
"a2GHo000001ugJfMAI","005Ho00000AXM6UIAX","","Borrowing Structure","2023-11-03T15:06:14.000Z","005Ho00000AXM6UIAX","2023-11-03T19:39:28.000Z","005Ho00000AXM6UIAX","","","","","","","false","true","42156465383128569","false","","","",""
"a2GHo000001ugJgMAI","005Ho00000AXM6UIAX","","Balance Details","2023-11-03T15:06:14.000Z","005Ho00000AXM6UIAX","2023-11-03T19:39:28.000Z","005Ho00000AXM6UIAX","","","","","","","false","true","42706402666860943","false","","","",""
"a2GHo000001ugJhMAI","005Ho00000AXM6UIAX","","Booked Information","2023-11-03T15:06:14.000Z","005Ho00000AXM6UIAX","2023-11-03T19:39:28.000Z","005Ho00000AXM6UIAX","","","","","","","false","true","42241393496974062","false","","","",""
"a2GHo000001ugJjMAI","005Ho00000AXM6UIAX","","Income/Debt/Asset","2023-11-03T15:06:14.000Z","005Ho00000AXM6UIAX","2023-11-03T19:39:28.000Z","005Ho00000AXM6UIAX","","","","","","","false","true","42495888365913731","false","","","",""
"a2GHo000001ugJkMAI","005Ho00000AXM6UIAX","","Rate & Payment Structure","2023-11-03T15:06:14.000Z","005Ho00000AXM6UIAX","2023-11-03T19:39:28.000Z","005Ho00000AXM6UIAX","","","","","","","false","true","42454304015867314","false","","","",""
"a2GHo000001ugJlMAI","005Ho00000AXM6UIAX","","Pricing Approved","2023-11-03T15:06:14.000Z","005Ho00000AXM6UIAX","2023-11-03T19:39:28.000Z","005Ho00000AXM6UIAX","","","","","","","false","true","42628206483992946","false","","","",""
