"Id","OwnerId","IsDeleted","Name","CreatedDate","CreatedById","LastModifiedDate","LastModifiedById","SystemModstamp","ConnectionReceivedId","ConnectionSentId","nFORCE__Generator_Class__c","nFORCE__lookupKey__c","nFORCE__Category__c","nFORCE__Layout_Description__c","nFORCE__Layout_Preview_Image__c","nFORCE__Visualforce_Page__c"
"a2CHo000006EEatMAG","005Ho00000AXM6UIAX","","NoLayout","2023-10-31T13:56:27.000Z","005Ho00000AXM6UIAX","2023-10-31T13:56:27.000Z","005Ho00000AXM6UIAX","","","","Html.Layouts.NoLayout","42231249819938106","","","",""
"a2CHo000006EEauMAG","005Ho00000AXM6UIAX","","TwoColumnGrid","2023-10-31T13:56:27.000Z","005Ho00000AXM6UIAX","2023-11-03T19:39:17.000Z","005Ho00000AXM6UIAX","","","","Html.Layouts.TwoColumnGrid","42850165746207169","","","",""
"a2CHo000006EEavMAG","005Ho00000AXM6UIAX","","TableLayout","2023-10-31T13:56:27.000Z","005Ho00000AXM6UIAX","2023-11-03T19:39:17.000Z","005Ho00000AXM6UIAX","","","","Html.Layouts.TableLayout","42391876653704558","","","",""
"a2CHo000006EEawMAG","005Ho00000AXM6UIAX","","NoLayout","2023-10-31T13:56:27.000Z","005Ho00000AXM6UIAX","2023-11-03T19:39:17.000Z","005Ho00000AXM6UIAX","","","","Html.Layouts.NoLayout","42307955451120790","","","",""
"a2CHo000006EEaxMAG","005Ho00000AXM6UIAX","","NoLayout","2023-10-31T13:56:27.000Z","005Ho00000AXM6UIAX","2023-11-03T19:39:17.000Z","005Ho00000AXM6UIAX","","","","Html.Layouts.NoLayout","42827050442053982","","","",""
"a2CHo000006EEayMAG","005Ho00000AXM6UIAX","","SingleColumnGrid","2023-10-31T13:56:27.000Z","005Ho00000AXM6UIAX","2023-11-03T19:39:17.000Z","005Ho00000AXM6UIAX","","","","Html.Layouts.SingleColumnGrid","42604206855771905","","","",""
"a2CHo000006EEbNMAW","005Ho00000AXM6UIAX","","TableLayout","2023-10-31T13:56:27.000Z","005Ho00000AXM6UIAX","2023-10-31T13:56:27.000Z","005Ho00000AXM6UIAX","","","","Html.Layouts.TableLayout","42626138849107981","","","",""
"a2CHo000006EEbOMAW","005Ho00000AXM6UIAX","","NoLayout","2023-10-31T13:56:27.000Z","005Ho00000AXM6UIAX","2023-10-31T13:56:27.000Z","005Ho00000AXM6UIAX","","","","Html.Layouts.NoLayout","42158968815928796","","","",""
"a2CHo000006EEcmMAG","005Ho00000AXM6UIAX","","NoLayout","2023-10-31T13:56:27.000Z","005Ho00000AXM6UIAX","2023-11-03T19:39:17.000Z","005Ho00000AXM6UIAX","","","","Html.Layouts.NoLayout","42352276582142462","","","",""
"a2CHo000006EEcnMAG","005Ho00000AXM6UIAX","","NoLayout","2023-10-31T13:56:27.000Z","005Ho00000AXM6UIAX","2023-11-03T19:39:17.000Z","005Ho00000AXM6UIAX","","","","Html.Layouts.NoLayout","42892781429225809","","","",""
"a2CHo000006EEcoMAG","005Ho00000AXM6UIAX","","TableLayout","2023-10-31T13:56:27.000Z","005Ho00000AXM6UIAX","2023-11-03T19:39:17.000Z","005Ho00000AXM6UIAX","","","","Html.Layouts.TableLayout","42425443208536181","","","",""
"a2CHo000006EEcpMAG","005Ho00000AXM6UIAX","","TwoColumnGrid","2023-10-31T13:56:27.000Z","005Ho00000AXM6UIAX","2023-11-03T19:39:17.000Z","005Ho00000AXM6UIAX","","","","Html.Layouts.TwoColumnGrid","42207337910070284","","","",""
"a2CHo000006EEcqMAG","005Ho00000AXM6UIAX","","TwoColumnGrid","2023-10-31T13:56:27.000Z","005Ho00000AXM6UIAX","2023-11-03T19:39:17.000Z","005Ho00000AXM6UIAX","","","","Html.Layouts.TwoColumnGrid","42638527111102055","","","",""
"a2CHo000006EEfPMAW","005Ho00000AXM6UIAX","","NoLayout","2023-10-31T13:56:27.000Z","005Ho00000AXM6UIAX","2023-10-31T13:56:27.000Z","005Ho00000AXM6UIAX","","","","Html.Layouts.NoLayout","42648806013717878","","","",""
"a2CHo000006EEfQMAW","005Ho00000AXM6UIAX","","TwoColumnGrid","2023-10-31T13:56:27.000Z","005Ho00000AXM6UIAX","2023-10-31T13:56:27.000Z","005Ho00000AXM6UIAX","","","","Html.Layouts.TwoColumnGrid","42111047600717407","","","",""
"a2CHo000006EEfRMAW","005Ho00000AXM6UIAX","","TwoColumnGrid","2023-10-31T13:56:27.000Z","005Ho00000AXM6UIAX","2023-11-03T19:39:17.000Z","005Ho00000AXM6UIAX","","","","Html.Layouts.TwoColumnGrid","42623081306678578","","","",""
"a2CHo000006EEfSMAW","005Ho00000AXM6UIAX","","TwoColumnGrid","2023-10-31T13:56:27.000Z","005Ho00000AXM6UIAX","2023-11-03T19:39:17.000Z","005Ho00000AXM6UIAX","","","","Html.Layouts.TwoColumnGrid","14431560278867960","","","",""
"a2CHo000006EEfTMAW","005Ho00000AXM6UIAX","","NoLayout","2023-10-31T13:56:27.000Z","005Ho00000AXM6UIAX","2023-11-03T19:39:17.000Z","005Ho00000AXM6UIAX","","","","Html.Layouts.NoLayout","88191560278867959","","","",""
"a2CHo000006EEfUMAW","005Ho00000AXM6UIAX","","NoLayout","2023-10-31T13:56:27.000Z","005Ho00000AXM6UIAX","2023-11-03T19:39:17.000Z","005Ho00000AXM6UIAX","","","","Html.Layouts.NoLayout","23381560278867959","","","",""
"a2CHo000006EEfVMAW","005Ho00000AXM6UIAX","","SingleColumnGrid","2023-10-31T13:56:27.000Z","005Ho00000AXM6UIAX","2023-11-03T19:39:17.000Z","005Ho00000AXM6UIAX","","","","Html.Layouts.SingleColumnGrid","43881560278867960","","","",""
"a2CHo000006EEg4MAG","005Ho00000AXM6UIAX","","NoLayout","2023-10-31T13:56:27.000Z","005Ho00000AXM6UIAX","2023-10-31T13:56:27.000Z","005Ho00000AXM6UIAX","","","","Html.Layouts.NoLayout","42750215167293706","","","",""
"a2CHo000006EEg5MAG","005Ho00000AXM6UIAX","","NoLayout","2023-10-31T13:56:27.000Z","005Ho00000AXM6UIAX","2023-10-31T13:56:27.000Z","005Ho00000AXM6UIAX","","","","Html.Layouts.NoLayout","42781659256906018","","","",""
"a2CHo000006EEg6MAG","005Ho00000AXM6UIAX","","NoLayout","2023-10-31T13:56:27.000Z","005Ho00000AXM6UIAX","2023-11-03T19:39:17.000Z","005Ho00000AXM6UIAX","","","","Html.Layouts.NoLayout","72061562008947708","","","",""
"a2CHo000006EEg7MAG","005Ho00000AXM6UIAX","","TwoColumnGrid","2023-10-31T13:56:27.000Z","005Ho00000AXM6UIAX","2023-11-03T19:39:17.000Z","005Ho00000AXM6UIAX","","","","Html.Layouts.TwoColumnGrid","53551562008947708","","","",""
"a2CHo000006EEgiMAG","005Ho00000AXM6UIAX","","TwoColumnGrid","2023-10-31T13:56:27.000Z","005Ho00000AXM6UIAX","2023-11-03T19:39:17.000Z","005Ho00000AXM6UIAX","","","","Html.Layouts.TwoColumnGrid","42036523911362091","","","",""
"a2CHo000006EEgjMAG","005Ho00000AXM6UIAX","","TableLayout","2023-10-31T13:56:27.000Z","005Ho00000AXM6UIAX","2023-11-03T19:39:17.000Z","005Ho00000AXM6UIAX","","","","Html.Layouts.TableLayout","87851567002572493","","","",""
"a2CHo000006EEgkMAG","005Ho00000AXM6UIAX","","TableLayout","2023-10-31T13:56:27.000Z","005Ho00000AXM6UIAX","2023-11-03T19:39:17.000Z","005Ho00000AXM6UIAX","","","","Html.Layouts.TableLayout","80081567002572493","","","",""
"a2CHo000006EEglMAG","005Ho00000AXM6UIAX","","TableLayout","2023-10-31T13:56:27.000Z","005Ho00000AXM6UIAX","2023-11-03T19:39:17.000Z","005Ho00000AXM6UIAX","","","","Html.Layouts.TableLayout","16941567002572494","","","",""
"a2CHo000006EEgrMAG","005Ho00000AXM6UIAX","","NoLayout","2023-10-31T13:56:27.000Z","005Ho00000AXM6UIAX","2023-10-31T13:56:27.000Z","005Ho00000AXM6UIAX","","","","Html.Layouts.NoLayout","42459547103480938","","","",""
"a2CHo000006EEgsMAG","005Ho00000AXM6UIAX","","NoLayout","2023-10-31T13:56:27.000Z","005Ho00000AXM6UIAX","2023-10-31T13:56:27.000Z","005Ho00000AXM6UIAX","","","","Html.Layouts.NoLayout","42281917907252354","","","",""
"a2CHo000006EEgtMAG","005Ho00000AXM6UIAX","","TwoColumnGrid","2023-10-31T13:56:27.000Z","005Ho00000AXM6UIAX","2023-10-31T13:56:27.000Z","005Ho00000AXM6UIAX","","","","Html.Layouts.TwoColumnGrid","42418177285209227","","","",""
"a2CHo000006EEguMAG","005Ho00000AXM6UIAX","","TwoColumnGrid","2023-10-31T13:56:27.000Z","005Ho00000AXM6UIAX","2023-10-31T13:56:27.000Z","005Ho00000AXM6UIAX","","","","Html.Layouts.TwoColumnGrid","42666605161288911","","","",""
"a2CHo000006EEgvMAG","005Ho00000AXM6UIAX","","TwoColumnGrid","2023-10-31T13:56:27.000Z","005Ho00000AXM6UIAX","2023-10-31T13:56:27.000Z","005Ho00000AXM6UIAX","","","","Html.Layouts.TwoColumnGrid","42320768730763850","","","",""
"a2CHo000006EEgwMAG","005Ho00000AXM6UIAX","","TableLayout","2023-10-31T13:56:27.000Z","005Ho00000AXM6UIAX","2023-10-31T13:56:27.000Z","005Ho00000AXM6UIAX","","","","Html.Layouts.TableLayout","42914029967103415","","","",""
"a2CHo000006EEgxMAG","005Ho00000AXM6UIAX","","TableLayout","2023-10-31T13:56:27.000Z","005Ho00000AXM6UIAX","2023-10-31T13:56:27.000Z","005Ho00000AXM6UIAX","","","","Html.Layouts.TableLayout","42008310052836603","","","",""
"a2CHo000006EEhWMAW","005Ho00000AXM6UIAX","","TwoColumnGrid","2023-10-31T13:56:27.000Z","005Ho00000AXM6UIAX","2023-11-03T19:39:17.000Z","005Ho00000AXM6UIAX","","","","Html.Layouts.TwoColumnGrid","42771303619685748","","","",""
"a2CHo000006EEhXMAW","005Ho00000AXM6UIAX","","NoLayout","2023-10-31T13:56:27.000Z","005Ho00000AXM6UIAX","2023-11-03T19:39:17.000Z","005Ho00000AXM6UIAX","","","","Html.Layouts.NoLayout","42908910678340000","","","",""
"a2CHo000006EEhaMAG","005Ho00000AXM6UIAX","","TableLayout","2023-10-31T13:56:27.000Z","005Ho00000AXM6UIAX","2023-11-03T19:39:17.000Z","005Ho00000AXM6UIAX","","","","Html.Layouts.TableLayout","423805189214134860","","","",""
"a2CHo000006EEhbMAG","005Ho00000AXM6UIAX","","TableLayout","2023-10-31T13:56:27.000Z","005Ho00000AXM6UIAX","2023-11-03T19:39:17.000Z","005Ho00000AXM6UIAX","","","","Html.Layouts.TableLayout","423805189214134861","","","",""
"a2CHo000006EEhcMAG","005Ho00000AXM6UIAX","","TableLayout","2023-10-31T13:56:27.000Z","005Ho00000AXM6UIAX","2023-11-03T19:39:17.000Z","005Ho00000AXM6UIAX","","","","Html.Layouts.TableLayout","423805189214134862","","","",""
"a2CHo000006EEhlMAG","005Ho00000AXM6UIAX","","TwoColumnGrid","2023-10-31T13:56:27.000Z","005Ho00000AXM6UIAX","2023-11-03T19:39:17.000Z","005Ho00000AXM6UIAX","","","","Html.Layouts.TwoColumnGrid","42236575597281130","","","",""
"a2CHo000006EEiGMAW","005Ho00000AXM6UIAX","","TwoColumnGrid","2023-10-31T13:56:27.000Z","005Ho00000AXM6UIAX","2023-11-03T19:39:17.000Z","005Ho00000AXM6UIAX","","","","Html.Layouts.TwoColumnGrid","42693364340854134","","","",""
"a2CHo000006EEiHMAW","005Ho00000AXM6UIAX","","TwoColumnGrid","2023-10-31T13:56:27.000Z","005Ho00000AXM6UIAX","2023-11-03T19:39:17.000Z","005Ho00000AXM6UIAX","","","","Html.Layouts.TwoColumnGrid","42224690031248780","","","",""
"a2CHo000006EEiIMAW","005Ho00000AXM6UIAX","","TwoColumnGrid","2023-10-31T13:56:27.000Z","005Ho00000AXM6UIAX","2023-11-03T19:39:17.000Z","005Ho00000AXM6UIAX","","","","Html.Layouts.TwoColumnGrid","42635208571032064","","","",""
"a2CHo000006EEiJMAW","005Ho00000AXM6UIAX","","TwoColumnGrid","2023-10-31T13:56:27.000Z","005Ho00000AXM6UIAX","2023-11-03T19:39:17.000Z","005Ho00000AXM6UIAX","","","","Html.Layouts.TwoColumnGrid","42304620396920647","","","",""
"a2CHo000006EEiqMAG","005Ho00000AXM6UIAX","","TwoColumnGrid","2023-10-31T13:56:27.000Z","005Ho00000AXM6UIAX","2023-11-03T19:39:17.000Z","005Ho00000AXM6UIAX","","","","Html.Layouts.TwoColumnGrid","42332310368014825","","","",""
"a2CHo000006EEirMAG","005Ho00000AXM6UIAX","","TwoColumnGrid","2023-10-31T13:56:27.000Z","005Ho00000AXM6UIAX","2023-11-03T19:39:17.000Z","005Ho00000AXM6UIAX","","","","Html.Layouts.TwoColumnGrid","42146492712301673","","","",""
"a2CHo000006EEisMAG","005Ho00000AXM6UIAX","","NoLayout","2023-10-31T13:56:27.000Z","005Ho00000AXM6UIAX","2023-11-03T19:39:17.000Z","005Ho00000AXM6UIAX","","","","Html.Layouts.NoLayout","42169342725117281","","","",""
"a2CHo000006EEitMAG","005Ho00000AXM6UIAX","","TableLayout","2023-10-31T13:56:27.000Z","005Ho00000AXM6UIAX","2023-11-03T19:39:17.000Z","005Ho00000AXM6UIAX","","","","Html.Layouts.TableLayout","42620365532126681","","","",""
"a2CHo000006EEiuMAG","005Ho00000AXM6UIAX","","TwoColumnGrid","2023-10-31T13:56:27.000Z","005Ho00000AXM6UIAX","2023-11-03T19:39:17.000Z","005Ho00000AXM6UIAX","","","","Html.Layouts.TwoColumnGrid","42519078222946588","","","",""
"a2CHo000006EEivMAG","005Ho00000AXM6UIAX","","TwoColumnGrid","2023-10-31T13:56:27.000Z","005Ho00000AXM6UIAX","2023-11-03T19:39:17.000Z","005Ho00000AXM6UIAX","","","","Html.Layouts.TwoColumnGrid","42900817578682316","","","",""
"a2CHo000006EEiwMAG","005Ho00000AXM6UIAX","","TwoColumnGrid","2023-10-31T13:56:27.000Z","005Ho00000AXM6UIAX","2023-11-03T19:39:17.000Z","005Ho00000AXM6UIAX","","","","Html.Layouts.TwoColumnGrid","42847769287868252","","","",""
"a2CHo000006EEixMAG","005Ho00000AXM6UIAX","","TwoColumnGrid","2023-10-31T13:56:27.000Z","005Ho00000AXM6UIAX","2023-11-03T19:39:17.000Z","005Ho00000AXM6UIAX","","","","Html.Layouts.TwoColumnGrid","42669823203539594","","","",""
"a2CHo000006EEiyMAG","005Ho00000AXM6UIAX","","NoLayout","2023-10-31T13:56:27.000Z","005Ho00000AXM6UIAX","2023-11-03T19:39:17.000Z","005Ho00000AXM6UIAX","","","","Html.Layouts.NoLayout","42384311201975589","","","",""
"a2CHo000006EEizMAG","005Ho00000AXM6UIAX","","TableLayout","2023-10-31T13:56:27.000Z","005Ho00000AXM6UIAX","2023-11-03T19:39:17.000Z","005Ho00000AXM6UIAX","","","","Html.Layouts.TableLayout","42531362879136297","","","",""
"a2CHo000006EErCMAW","005Ho00000AXM6UIAX","","NoLayout","2023-10-31T13:56:27.000Z","005Ho00000AXM6UIAX","2023-11-03T19:39:17.000Z","005Ho00000AXM6UIAX","","","","Html.Layouts.NoLayout","42565951438092068","","","",""
"a2CHo000006EErDMAW","005Ho00000AXM6UIAX","","TableLayout","2023-10-31T13:56:27.000Z","005Ho00000AXM6UIAX","2023-11-03T19:39:17.000Z","005Ho00000AXM6UIAX","","","","Html.Layouts.TableLayout","42752971908378809","","","",""
"a2CHo000006EErEMAW","005Ho00000AXM6UIAX","","NoLayout","2023-10-31T13:56:27.000Z","005Ho00000AXM6UIAX","2023-11-03T19:39:17.000Z","005Ho00000AXM6UIAX","","","","Html.Layouts.NoLayout","42731267334142973","","","",""
"a2CHo000006EErFMAW","005Ho00000AXM6UIAX","","TwoColumnGrid","2023-10-31T13:56:27.000Z","005Ho00000AXM6UIAX","2023-11-03T19:39:17.000Z","005Ho00000AXM6UIAX","","","","Html.Layouts.TwoColumnGrid","42386943597415043","","","",""
"a2CHo000006EErKMAW","005Ho00000AXM6UIAX","","TwoColumnGrid","2023-10-31T13:56:27.000Z","005Ho00000AXM6UIAX","2023-11-03T19:39:17.000Z","005Ho00000AXM6UIAX","","","","Html.Layouts.TwoColumnGrid","42620587200040948","","","",""
"a2CHo000006EErLMAW","005Ho00000AXM6UIAX","","TwoColumnGrid","2023-10-31T13:56:27.000Z","005Ho00000AXM6UIAX","2023-11-03T19:39:17.000Z","005Ho00000AXM6UIAX","","","","Html.Layouts.TwoColumnGrid","42883254986396194","","","",""
"a2CHo000006EErMMAW","005Ho00000AXM6UIAX","","TwoColumnGrid","2023-10-31T13:56:27.000Z","005Ho00000AXM6UIAX","2023-11-03T19:39:17.000Z","005Ho00000AXM6UIAX","","","","Html.Layouts.TwoColumnGrid","42269911071702418","","","",""
"a2CHo000006EErSMAW","005Ho00000AXM6UIAX","","NoLayout","2023-10-31T13:56:27.000Z","005Ho00000AXM6UIAX","2023-11-03T19:39:17.000Z","005Ho00000AXM6UIAX","","","","Html.Layouts.NoLayout","42673310533508381","","","",""
"a2CHo000006EErTMAW","005Ho00000AXM6UIAX","","TableLayout","2023-10-31T13:56:27.000Z","005Ho00000AXM6UIAX","2023-11-03T19:39:17.000Z","005Ho00000AXM6UIAX","","","","Html.Layouts.TableLayout","42285658143238721","","","",""
"a2CHo000006EEs2MAG","005Ho00000AXM6UIAX","","TwoColumnGrid","2023-10-31T13:56:27.000Z","005Ho00000AXM6UIAX","2023-10-31T13:56:27.000Z","005Ho00000AXM6UIAX","","","","Html.Layouts.TwoColumnGrid","46671615577847595","","","",""
"a2CHo000006EEs3MAG","005Ho00000AXM6UIAX","","TwoColumnGrid","2023-10-31T13:56:27.000Z","005Ho00000AXM6UIAX","2023-10-31T13:56:27.000Z","005Ho00000AXM6UIAX","","","","Html.Layouts.TwoColumnGrid","32291619447516420","","","",""
"a2CHo000006EEs4MAG","005Ho00000AXM6UIAX","","NoLayout","2023-10-31T13:56:27.000Z","005Ho00000AXM6UIAX","2023-10-31T13:56:27.000Z","005Ho00000AXM6UIAX","","","","Html.Layouts.NoLayout","37721619447516418","","","",""
"a2CHo000006EEs5MAG","005Ho00000AXM6UIAX","","TwoColumnGrid","2023-10-31T13:56:27.000Z","005Ho00000AXM6UIAX","2023-10-31T13:56:27.000Z","005Ho00000AXM6UIAX","","","","Html.Layouts.TwoColumnGrid","97211619447516420","","","",""
"a2CHo000006EEs6MAG","005Ho00000AXM6UIAX","","TwoColumnGrid","2023-10-31T13:56:27.000Z","005Ho00000AXM6UIAX","2023-10-31T13:56:27.000Z","005Ho00000AXM6UIAX","","","","Html.Layouts.TwoColumnGrid","16931619447516420","","","",""
"a2CHo000006EEs7MAG","005Ho00000AXM6UIAX","","TwoColumnGrid","2023-10-31T13:56:27.000Z","005Ho00000AXM6UIAX","2023-10-31T13:56:27.000Z","005Ho00000AXM6UIAX","","","","Html.Layouts.TwoColumnGrid","88281619447516420","","","",""
"a2CHo000006EEs8MAG","005Ho00000AXM6UIAX","","NoLayout","2023-10-31T13:56:27.000Z","005Ho00000AXM6UIAX","2023-10-31T13:56:27.000Z","005Ho00000AXM6UIAX","","","","Html.Layouts.NoLayout","73031619447516419","","","",""
"a2CHo000006EEs9MAG","005Ho00000AXM6UIAX","","NoLayout","2023-10-31T13:56:27.000Z","005Ho00000AXM6UIAX","2023-10-31T13:56:27.000Z","005Ho00000AXM6UIAX","","","","Html.Layouts.NoLayout","70831619447516421","","","",""
"a2CHo000006EEsAMAW","005Ho00000AXM6UIAX","","NoLayout","2023-10-31T13:56:27.000Z","005Ho00000AXM6UIAX","2023-10-31T13:56:27.000Z","005Ho00000AXM6UIAX","","","","Html.Layouts.NoLayout","82941619447516421","","","",""
"a2CHo000006EEsBMAW","005Ho00000AXM6UIAX","","TwoColumnGrid","2023-10-31T13:56:27.000Z","005Ho00000AXM6UIAX","2023-10-31T13:56:27.000Z","005Ho00000AXM6UIAX","","","","Html.Layouts.TwoColumnGrid","60691619447516420","","","",""
"a2CHo000006EEsCMAW","005Ho00000AXM6UIAX","","TwoColumnGrid","2023-10-31T13:56:27.000Z","005Ho00000AXM6UIAX","2023-10-31T13:56:27.000Z","005Ho00000AXM6UIAX","","","","Html.Layouts.TwoColumnGrid","06041619447516421","","","",""
"a2CHo000006EEsDMAW","005Ho00000AXM6UIAX","","TwoColumnGrid","2023-10-31T13:56:27.000Z","005Ho00000AXM6UIAX","2023-10-31T13:56:27.000Z","005Ho00000AXM6UIAX","","","","Html.Layouts.TwoColumnGrid","87991619447516422","","","",""
"a2CHo000006EEsEMAW","005Ho00000AXM6UIAX","","NoLayout","2023-10-31T13:56:27.000Z","005Ho00000AXM6UIAX","2023-10-31T13:56:27.000Z","005Ho00000AXM6UIAX","","","","Html.Layouts.NoLayout","42678061634688011","","","",""
"a2CHo000006EEsFMAW","005Ho00000AXM6UIAX","","NoLayout","2023-10-31T13:56:27.000Z","005Ho00000AXM6UIAX","2023-10-31T13:56:27.000Z","005Ho00000AXM6UIAX","","","","Html.Layouts.NoLayout","42650696547658405","","","",""
"a2CHo000006EEsGMAW","005Ho00000AXM6UIAX","","SingleColumnGrid","2023-10-31T13:56:27.000Z","005Ho00000AXM6UIAX","2023-10-31T13:56:27.000Z","005Ho00000AXM6UIAX","","","","Html.Layouts.SingleColumnGrid","42017786495228447","","","",""
"a2CHo000006EEsHMAW","005Ho00000AXM6UIAX","","TwoColumnGrid","2023-10-31T13:56:27.000Z","005Ho00000AXM6UIAX","2023-10-31T13:56:27.000Z","005Ho00000AXM6UIAX","","","","Html.Layouts.TwoColumnGrid","83621620937673260","","","",""
"a2CHo000006EEsIMAW","005Ho00000AXM6UIAX","","NoLayout","2023-10-31T13:56:27.000Z","005Ho00000AXM6UIAX","2023-10-31T13:56:27.000Z","005Ho00000AXM6UIAX","","","","Html.Layouts.NoLayout","42597361740996248","","","",""
"a2CHo000006EEsJMAW","005Ho00000AXM6UIAX","","NoLayout","2023-10-31T13:56:27.000Z","005Ho00000AXM6UIAX","2023-10-31T13:56:27.000Z","005Ho00000AXM6UIAX","","","","Html.Layouts.NoLayout","50541620937673259","","","",""
"a2CHo000006EEsKMAW","005Ho00000AXM6UIAX","","NoLayout","2023-10-31T13:56:27.000Z","005Ho00000AXM6UIAX","2023-10-31T13:56:27.000Z","005Ho00000AXM6UIAX","","","","Html.Layouts.NoLayout","42319607037458049","","","",""
"a2CHo000006EEsLMAW","005Ho00000AXM6UIAX","","TwoColumnGrid","2023-10-31T13:56:27.000Z","005Ho00000AXM6UIAX","2023-10-31T13:56:27.000Z","005Ho00000AXM6UIAX","","","","Html.Layouts.TwoColumnGrid","36931620937673260","","","",""
"a2CHo000006EEsMMAW","005Ho00000AXM6UIAX","","NoLayout","2023-10-31T13:56:27.000Z","005Ho00000AXM6UIAX","2023-10-31T13:56:27.000Z","005Ho00000AXM6UIAX","","","","Html.Layouts.NoLayout","98341620937673262","","","",""
"a2CHo000006EEsNMAW","005Ho00000AXM6UIAX","","NoLayout","2023-10-31T13:56:27.000Z","005Ho00000AXM6UIAX","2023-10-31T13:56:27.000Z","005Ho00000AXM6UIAX","","","","Html.Layouts.NoLayout","56941620937673262","","","",""
"a2CHo000006EEsOMAW","005Ho00000AXM6UIAX","","TwoColumnGrid","2023-10-31T13:56:27.000Z","005Ho00000AXM6UIAX","2023-10-31T13:56:27.000Z","005Ho00000AXM6UIAX","","","","Html.Layouts.TwoColumnGrid","51131620937673261","","","",""
"a2CHo000006EEsPMAW","005Ho00000AXM6UIAX","","NoLayout","2023-10-31T13:56:27.000Z","005Ho00000AXM6UIAX","2023-10-31T13:56:27.000Z","005Ho00000AXM6UIAX","","","","Html.Layouts.NoLayout","37061620937673260","","","",""
"a2CHo000006EEsQMAW","005Ho00000AXM6UIAX","","TwoColumnGrid","2023-10-31T13:56:27.000Z","005Ho00000AXM6UIAX","2023-10-31T13:56:27.000Z","005Ho00000AXM6UIAX","","","","Html.Layouts.TwoColumnGrid","60481620937673261","","","",""
"a2CHo000006EEsRMAW","005Ho00000AXM6UIAX","","TwoColumnGrid","2023-10-31T13:56:27.000Z","005Ho00000AXM6UIAX","2023-10-31T13:56:27.000Z","005Ho00000AXM6UIAX","","","","Html.Layouts.TwoColumnGrid","42021620937673261","","","",""
"a2CHo000006EEsSMAW","005Ho00000AXM6UIAX","","TwoColumnGrid","2023-10-31T13:56:27.000Z","005Ho00000AXM6UIAX","2023-10-31T13:56:27.000Z","005Ho00000AXM6UIAX","","","","Html.Layouts.TwoColumnGrid","56231620937673261","","","",""
"a2CHo000006EEsTMAW","005Ho00000AXM6UIAX","","TwoColumnGrid","2023-10-31T13:56:27.000Z","005Ho00000AXM6UIAX","2023-10-31T13:56:27.000Z","005Ho00000AXM6UIAX","","","","Html.Layouts.TwoColumnGrid","06951620937673263","","","",""
"a2CHo000006EEsUMAW","005Ho00000AXM6UIAX","","NoLayout","2023-10-31T13:56:27.000Z","005Ho00000AXM6UIAX","2023-10-31T13:56:27.000Z","005Ho00000AXM6UIAX","","","","Html.Layouts.NoLayout","77701620937673263","","","",""
"a2CHo000006EEsVMAW","005Ho00000AXM6UIAX","","NoLayout","2023-10-31T13:56:27.000Z","005Ho00000AXM6UIAX","2023-10-31T13:56:27.000Z","005Ho00000AXM6UIAX","","","","Html.Layouts.NoLayout","71571620937673264","","","",""
"a2CHo000006EEsWMAW","005Ho00000AXM6UIAX","","NoLayout","2023-10-31T13:56:27.000Z","005Ho00000AXM6UIAX","2023-10-31T13:56:27.000Z","005Ho00000AXM6UIAX","","","","Html.Layouts.NoLayout","42732228977389745","","","",""
"a2CHo000006EEsXMAW","005Ho00000AXM6UIAX","","NoLayout","2023-10-31T13:56:27.000Z","005Ho00000AXM6UIAX","2023-10-31T13:56:27.000Z","005Ho00000AXM6UIAX","","","","Html.Layouts.NoLayout","76911619447516419","","","",""
"a2CHo000006EEsYMAW","005Ho00000AXM6UIAX","","TableLayout","2023-10-31T13:56:27.000Z","005Ho00000AXM6UIAX","2023-10-31T13:56:27.000Z","005Ho00000AXM6UIAX","","","","Html.Layouts.TableLayout","01681619447516419","","","",""
"a2CHo000006EEsZMAW","005Ho00000AXM6UIAX","","TableLayout","2023-10-31T13:56:27.000Z","005Ho00000AXM6UIAX","2023-10-31T13:56:27.000Z","005Ho00000AXM6UIAX","","","","Html.Layouts.TableLayout","43191619447516421","","","",""
"a2CHo000006EEsaMAG","005Ho00000AXM6UIAX","","TableLayout","2023-10-31T13:56:27.000Z","005Ho00000AXM6UIAX","2023-10-31T13:56:27.000Z","005Ho00000AXM6UIAX","","","","Html.Layouts.TableLayout","80361619447516421","","","",""
"a2CHo000006EEsbMAG","005Ho00000AXM6UIAX","","TableLayout","2023-10-31T13:56:27.000Z","005Ho00000AXM6UIAX","2023-10-31T13:56:27.000Z","005Ho00000AXM6UIAX","","","","Html.Layouts.TableLayout","42514990913701727","","","",""
"a2CHo000006EEscMAG","005Ho00000AXM6UIAX","","TableLayout","2023-10-31T13:56:27.000Z","005Ho00000AXM6UIAX","2023-10-31T13:56:27.000Z","005Ho00000AXM6UIAX","","","","Html.Layouts.TableLayout","42796358122225080","","","",""
"a2CHo000006EEsdMAG","005Ho00000AXM6UIAX","","TableLayout","2023-10-31T13:56:27.000Z","005Ho00000AXM6UIAX","2023-10-31T13:56:27.000Z","005Ho00000AXM6UIAX","","","","Html.Layouts.TableLayout","42090202400194308","","","",""
"a2CHo000006EEseMAG","005Ho00000AXM6UIAX","","NoLayout","2023-10-31T13:56:27.000Z","005Ho00000AXM6UIAX","2023-10-31T13:56:27.000Z","005Ho00000AXM6UIAX","","","","Html.Layouts.NoLayout","32101620937673259","","","",""
"a2CHo000006EEsfMAG","005Ho00000AXM6UIAX","","TableLayout","2023-10-31T13:56:27.000Z","005Ho00000AXM6UIAX","2023-10-31T13:56:27.000Z","005Ho00000AXM6UIAX","","","","Html.Layouts.TableLayout","85131620937673262","","","",""
"a2CHo000006EEsgMAG","005Ho00000AXM6UIAX","","TableLayout","2023-10-31T13:56:27.000Z","005Ho00000AXM6UIAX","2023-10-31T13:56:27.000Z","005Ho00000AXM6UIAX","","","","Html.Layouts.TableLayout","78041620937673263","","","",""
"a2CHo000006EEshMAG","005Ho00000AXM6UIAX","","TableLayout","2023-10-31T13:56:27.000Z","005Ho00000AXM6UIAX","2023-10-31T13:56:27.000Z","005Ho00000AXM6UIAX","","","","Html.Layouts.TableLayout","45681620937673260","","","",""
"a2CHo000006EEsiMAG","005Ho00000AXM6UIAX","","TableLayout","2023-10-31T13:56:27.000Z","005Ho00000AXM6UIAX","2023-10-31T13:56:27.000Z","005Ho00000AXM6UIAX","","","","Html.Layouts.TableLayout","04431620937673263","","","",""
"a2CHo000006EEsjMAG","005Ho00000AXM6UIAX","","TableLayout","2023-10-31T13:56:27.000Z","005Ho00000AXM6UIAX","2023-10-31T13:56:27.000Z","005Ho00000AXM6UIAX","","","","Html.Layouts.TableLayout","19081620937673264","","","",""
"a2CHo000006EEskMAG","005Ho00000AXM6UIAX","","TableLayout","2023-10-31T13:56:27.000Z","005Ho00000AXM6UIAX","2023-10-31T13:56:27.000Z","005Ho00000AXM6UIAX","","","","Html.Layouts.TableLayout","42421154402520859","","","",""
"a2CHo000006EEslMAG","005Ho00000AXM6UIAX","","TableLayout","2023-10-31T13:56:27.000Z","005Ho00000AXM6UIAX","2023-10-31T13:56:27.000Z","005Ho00000AXM6UIAX","","","","Html.Layouts.TableLayout","42274534996495520","","","",""
"a2CHo000006EEsmMAG","005Ho00000AXM6UIAX","","SingleColumnGrid","2023-10-31T13:56:27.000Z","005Ho00000AXM6UIAX","2023-10-31T13:56:27.000Z","005Ho00000AXM6UIAX","","","","Html.Layouts.SingleColumnGrid","33721619447516419","","","",""
"a2CHo000006EEsnMAG","005Ho00000AXM6UIAX","","SingleColumnGrid","2023-10-31T13:56:27.000Z","005Ho00000AXM6UIAX","2023-10-31T13:56:27.000Z","005Ho00000AXM6UIAX","","","","Html.Layouts.SingleColumnGrid","12551620937673259","","","",""
"a2CHo000006EEuGMAW","005Ho00000AXM6UIAX","","Wrightsville","2023-10-31T13:56:27.000Z","005Ho00000AXM6UIAX","2023-11-03T19:39:17.000Z","005Ho00000AXM6UIAX","","","","","42507926667086944","Customer Dashboard","<ul><li>Header size: Large</li><li>Navigation: Horizontal, at top of screen</li><li>Tiles: At bottom of screen</li></ul>","/resource/1541694063000/nPortal__Global_Resources/images/layouts/Wrightsville.svg","NPORTAL__LayoutWrightsville"
"a2CHo000006EEuLMAW","005Ho00000AXM6UIAX","","Topsail","2023-10-31T13:56:27.000Z","005Ho00000AXM6UIAX","2023-11-03T19:39:17.000Z","005Ho00000AXM6UIAX","","","","","42552733154006329","Online Application","<ul><li>Application Progress: Horizontal, at the top of screen</li><li>Tiles: At bottom of screen</li></ul>","/resource/1541694063000/nPortal__Global_Resources/images/layouts/Topsail.svg","NPORTAL__LayoutTopsail"
"a2CHo000006EyxFMAS","005Ho00000AXM6UIAX","","TwoColumnGrid","2023-11-03T15:06:40.000Z","005Ho00000AXM6UIAX","2023-11-03T19:39:17.000Z","005Ho00000AXM6UIAX","","","","Html.Layouts.TwoColumnGrid","42016067981473732","","","",""
"a2CHo000006EyxGMAS","005Ho00000AXM6UIAX","","TwoColumnGrid","2023-11-03T15:06:40.000Z","005Ho00000AXM6UIAX","2023-11-03T19:39:17.000Z","005Ho00000AXM6UIAX","","","","Html.Layouts.TwoColumnGrid","42205369353959884","","","",""
"a2CHo000006EyxHMAS","005Ho00000AXM6UIAX","","TwoColumnGrid","2023-11-03T15:06:40.000Z","005Ho00000AXM6UIAX","2023-11-03T19:39:17.000Z","005Ho00000AXM6UIAX","","","","Html.Layouts.TwoColumnGrid","42707886346588949","","","",""
"a2CHo000006EyxIMAS","005Ho00000AXM6UIAX","","TableLayout","2023-11-03T15:06:40.000Z","005Ho00000AXM6UIAX","2023-11-03T19:39:17.000Z","005Ho00000AXM6UIAX","","","","Html.Layouts.TableLayout","42416806897619469","","","",""
"a2CHo000006EyxJMAS","005Ho00000AXM6UIAX","","TableLayout","2023-11-03T15:06:40.000Z","005Ho00000AXM6UIAX","2023-11-03T19:39:17.000Z","005Ho00000AXM6UIAX","","","","Html.Layouts.TableLayout","42391907862558094","","","",""
"a2CHo000006EyxKMAS","005Ho00000AXM6UIAX","","TwoColumnGrid","2023-11-03T15:06:40.000Z","005Ho00000AXM6UIAX","2023-11-03T19:39:17.000Z","005Ho00000AXM6UIAX","","","","Html.Layouts.TwoColumnGrid","42605437965407116","","","",""
"a2CHo000006EyxLMAS","005Ho00000AXM6UIAX","","TwoColumnGrid","2023-11-03T15:06:40.000Z","005Ho00000AXM6UIAX","2023-11-03T19:39:17.000Z","005Ho00000AXM6UIAX","","","","Html.Layouts.TwoColumnGrid","42276958628781221","","","",""
"a2CHo000006EyxOMAS","005Ho00000AXM6UIAX","","NoLayout","2023-11-03T15:06:40.000Z","005Ho00000AXM6UIAX","2023-11-03T19:39:17.000Z","005Ho00000AXM6UIAX","","","","Html.Layouts.NoLayout","42424925070038460","","","",""
"a2CHo000006EyxPMAS","005Ho00000AXM6UIAX","","NoLayout","2023-11-03T15:06:40.000Z","005Ho00000AXM6UIAX","2023-11-03T19:39:17.000Z","005Ho00000AXM6UIAX","","","","Html.Layouts.NoLayout","42128384429632577","","","",""
"a2CHo000006EyxQMAS","005Ho00000AXM6UIAX","","SingleColumnGrid","2023-11-03T15:06:40.000Z","005Ho00000AXM6UIAX","2023-11-03T19:39:17.000Z","005Ho00000AXM6UIAX","","","","Html.Layouts.SingleColumnGrid","42101170605673483","","","",""
"a2CHo000006EyxRMAS","005Ho00000AXM6UIAX","","NoLayout","2023-11-03T15:06:40.000Z","005Ho00000AXM6UIAX","2023-11-03T19:39:17.000Z","005Ho00000AXM6UIAX","","","","Html.Layouts.NoLayout","42442811039569291","","","",""
"a2CHo000006EyxSMAS","005Ho00000AXM6UIAX","","TwoColumnGrid","2023-11-03T15:06:40.000Z","005Ho00000AXM6UIAX","2023-11-03T19:39:17.000Z","005Ho00000AXM6UIAX","","","","Html.Layouts.TwoColumnGrid","42762350616861522","","","",""
"a2CHo000006EyxTMAS","005Ho00000AXM6UIAX","","NoLayout","2023-11-03T15:06:40.000Z","005Ho00000AXM6UIAX","2023-11-03T19:39:17.000Z","005Ho00000AXM6UIAX","","","","Html.Layouts.NoLayout","42501922304293041","","","",""
"a2CHo000006EyxUMAS","005Ho00000AXM6UIAX","","TwoColumnGrid","2023-11-03T15:06:40.000Z","005Ho00000AXM6UIAX","2023-11-03T19:39:17.000Z","005Ho00000AXM6UIAX","","","","Html.Layouts.TwoColumnGrid","42841921757524418","","","",""
"a2CHo000006EyxVMAS","005Ho00000AXM6UIAX","","NoLayout","2023-11-03T15:06:40.000Z","005Ho00000AXM6UIAX","2023-11-03T19:39:17.000Z","005Ho00000AXM6UIAX","","","","Html.Layouts.NoLayout","42520714547557457","","","",""
"a2CHo000006EyxWMAS","005Ho00000AXM6UIAX","","TableLayout","2023-11-03T15:06:40.000Z","005Ho00000AXM6UIAX","2023-11-03T19:39:17.000Z","005Ho00000AXM6UIAX","","","","Html.Layouts.TableLayout","42944085438397929","","","",""
"a2CHo000006EyxXMAS","005Ho00000AXM6UIAX","","NoLayout","2023-11-03T15:06:40.000Z","005Ho00000AXM6UIAX","2023-11-03T19:39:17.000Z","005Ho00000AXM6UIAX","","","","Html.Layouts.NoLayout","42807463734572441","","","",""
"a2CHo000006EyxYMAS","005Ho00000AXM6UIAX","","TableLayout","2023-11-03T15:06:40.000Z","005Ho00000AXM6UIAX","2023-11-03T19:39:17.000Z","005Ho00000AXM6UIAX","","","","Html.Layouts.TableLayout","42837914562026077","","","",""
"a2CHo000006EyxZMAS","005Ho00000AXM6UIAX","","TwoColumnGrid","2023-11-03T15:06:40.000Z","005Ho00000AXM6UIAX","2023-11-03T19:39:17.000Z","005Ho00000AXM6UIAX","","","","Html.Layouts.TwoColumnGrid","42955881088623983","","","",""
"a2CHo000006EyxaMAC","005Ho00000AXM6UIAX","","TwoColumnGrid","2023-11-03T15:06:43.000Z","005Ho00000AXM6UIAX","2023-11-03T19:39:17.000Z","005Ho00000AXM6UIAX","","","","Html.Layouts.TwoColumnGrid","42643631499523855","","","",""
"a2CHo000006EyxbMAC","005Ho00000AXM6UIAX","","SingleColumnGrid","2023-11-03T15:06:43.000Z","005Ho00000AXM6UIAX","2023-11-03T19:39:17.000Z","005Ho00000AXM6UIAX","","","","Html.Layouts.SingleColumnGrid","42303230852478295","","","",""
"a2CHo000006EyxcMAC","005Ho00000AXM6UIAX","","TwoColumnGrid","2023-11-03T15:06:43.000Z","005Ho00000AXM6UIAX","2023-11-03T19:39:17.000Z","005Ho00000AXM6UIAX","","","","Html.Layouts.TwoColumnGrid","42712649228412072","","","",""
"a2CHo000006EyxdMAC","005Ho00000AXM6UIAX","","TwoColumnGrid","2023-11-03T15:06:43.000Z","005Ho00000AXM6UIAX","2023-11-03T19:39:17.000Z","005Ho00000AXM6UIAX","","","","Html.Layouts.TwoColumnGrid","42882313675641289","","","",""
"a2CHo000006EyxeMAC","005Ho00000AXM6UIAX","","SingleColumnGrid","2023-11-03T15:06:43.000Z","005Ho00000AXM6UIAX","2023-11-03T19:39:17.000Z","005Ho00000AXM6UIAX","","","","Html.Layouts.SingleColumnGrid","42997312723798389","","","",""
"a2CHo000006EyxfMAC","005Ho00000AXM6UIAX","","SingleColumnGrid","2023-11-03T15:06:43.000Z","005Ho00000AXM6UIAX","2023-11-03T19:39:17.000Z","005Ho00000AXM6UIAX","","","","Html.Layouts.SingleColumnGrid","42962397835796158","","","",""
"a2CHo000006EyxgMAC","005Ho00000AXM6UIAX","","SingleColumnGrid","2023-11-03T15:06:43.000Z","005Ho00000AXM6UIAX","2023-11-03T19:39:17.000Z","005Ho00000AXM6UIAX","","","","Html.Layouts.SingleColumnGrid","42966229249038918","","","",""
"a2CHo000006EyxhMAC","005Ho00000AXM6UIAX","","TwoColumnGrid","2023-11-03T15:06:43.000Z","005Ho00000AXM6UIAX","2023-11-03T19:39:17.000Z","005Ho00000AXM6UIAX","","","","Html.Layouts.TwoColumnGrid","47571598381728202","","","",""
"a2CHo000006EyxiMAC","005Ho00000AXM6UIAX","","SingleColumnGrid","2023-11-03T15:06:43.000Z","005Ho00000AXM6UIAX","2023-11-03T19:39:17.000Z","005Ho00000AXM6UIAX","","","","Html.Layouts.SingleColumnGrid","42750473896774202","","","",""
"a2CHo000006EyxkMAC","005Ho00000AXM6UIAX","","SingleColumnGrid","2023-11-03T15:06:43.000Z","005Ho00000AXM6UIAX","2023-11-03T19:39:17.000Z","005Ho00000AXM6UIAX","","","","Html.Layouts.SingleColumnGrid","42407013721641977","","","",""
"a2CHo000006EyxlMAC","005Ho00000AXM6UIAX","","SingleColumnGrid","2023-11-03T15:06:43.000Z","005Ho00000AXM6UIAX","2023-11-03T19:39:17.000Z","005Ho00000AXM6UIAX","","","","Html.Layouts.SingleColumnGrid","42261557979946626","","","",""
"a2CHo000006EyxmMAC","005Ho00000AXM6UIAX","","SingleColumnGrid","2023-11-03T15:06:43.000Z","005Ho00000AXM6UIAX","2023-11-03T19:39:17.000Z","005Ho00000AXM6UIAX","","","","Html.Layouts.SingleColumnGrid","56751598553324419","","","",""
"a2CHo000006EyxvMAC","005Ho00000AXM6UIAX","","SingleColumnGrid","2023-11-03T15:06:43.000Z","005Ho00000AXM6UIAX","2023-11-03T19:39:17.000Z","005Ho00000AXM6UIAX","","","","Html.Layouts.SingleColumnGrid","42089527607520345","","","",""
"a2CHo000006Eyy0MAC","005Ho00000AXM6UIAX","","SingleColumnGrid","2023-11-03T15:06:43.000Z","005Ho00000AXM6UIAX","2023-11-03T19:39:17.000Z","005Ho00000AXM6UIAX","","","","Html.Layouts.SingleColumnGrid","42773941180182647","","","",""
"a2CHo000006Eyy1MAC","005Ho00000AXM6UIAX","","SingleColumnGrid","2023-11-03T15:06:43.000Z","005Ho00000AXM6UIAX","2023-11-03T19:39:17.000Z","005Ho00000AXM6UIAX","","","","Html.Layouts.SingleColumnGrid","42506614757794195","","","",""
"a2CHo000006Eyy2MAC","005Ho00000AXM6UIAX","","TwoColumnGrid","2023-11-03T15:06:43.000Z","005Ho00000AXM6UIAX","2023-11-03T19:39:17.000Z","005Ho00000AXM6UIAX","","","","Html.Layouts.TwoColumnGrid","42953705509884091","","","",""
"a2CHo000006Eyy3MAC","005Ho00000AXM6UIAX","","TwoColumnGrid","2023-11-03T15:06:43.000Z","005Ho00000AXM6UIAX","2023-11-03T19:39:17.000Z","005Ho00000AXM6UIAX","","","","Html.Layouts.TwoColumnGrid","42596215981133376","","","",""
"a2CHo000006Eyy4MAC","005Ho00000AXM6UIAX","","TwoColumnGrid","2023-11-03T15:06:43.000Z","005Ho00000AXM6UIAX","2023-11-03T19:39:17.000Z","005Ho00000AXM6UIAX","","","","Html.Layouts.TwoColumnGrid","42150357626800173","","","",""
"a2CHo000006Eyy6MAC","005Ho00000AXM6UIAX","","NoLayout","2023-11-03T15:06:43.000Z","005Ho00000AXM6UIAX","2023-11-03T19:39:17.000Z","005Ho00000AXM6UIAX","","","","Html.Layouts.NoLayout","42679174535459897","","","",""
"a2CHo000006Eyy7MAC","005Ho00000AXM6UIAX","","TableLayout","2023-11-03T15:06:43.000Z","005Ho00000AXM6UIAX","2023-11-03T19:39:18.000Z","005Ho00000AXM6UIAX","","","","Html.Layouts.TableLayout","42292856877381028","","","",""
"a2CHo000006Eyy8MAC","005Ho00000AXM6UIAX","","TwoColumnGrid","2023-11-03T15:06:43.000Z","005Ho00000AXM6UIAX","2023-11-03T19:39:18.000Z","005Ho00000AXM6UIAX","","","","Html.Layouts.TwoColumnGrid","42764957486897388","","","",""
"a2CHo000006Eyy9MAC","005Ho00000AXM6UIAX","","TwoColumnGrid","2023-11-03T15:06:43.000Z","005Ho00000AXM6UIAX","2023-11-03T19:39:18.000Z","005Ho00000AXM6UIAX","","","","Html.Layouts.TwoColumnGrid","42772122367183117","","","",""
"a2CHo000006EyyAMAS","005Ho00000AXM6UIAX","","TwoColumnGrid","2023-11-03T15:06:43.000Z","005Ho00000AXM6UIAX","2023-11-03T19:39:18.000Z","005Ho00000AXM6UIAX","","","","Html.Layouts.TwoColumnGrid","42420328368427781","","","",""
"a2CHo000006EyyFMAS","005Ho00000AXM6UIAX","","TwoColumnGrid","2023-11-03T15:06:43.000Z","005Ho00000AXM6UIAX","2023-11-03T19:39:18.000Z","005Ho00000AXM6UIAX","","","","Html.Layouts.TwoColumnGrid","42568792660390901","","","",""
"a2CHo000006EyyGMAS","005Ho00000AXM6UIAX","","TwoColumnGrid","2023-11-03T15:06:43.000Z","005Ho00000AXM6UIAX","2023-11-03T19:39:18.000Z","005Ho00000AXM6UIAX","","","","Html.Layouts.TwoColumnGrid","42025462147359781","","","",""
"a2CHo000006EyyHMAS","005Ho00000AXM6UIAX","","SingleColumnGrid","2023-11-03T15:06:43.000Z","005Ho00000AXM6UIAX","2023-11-03T19:39:18.000Z","005Ho00000AXM6UIAX","","","","Html.Layouts.SingleColumnGrid","42910310786407396","","","",""
"a2CHo000006EyyIMAS","005Ho00000AXM6UIAX","","TwoColumnGrid","2023-11-03T15:06:43.000Z","005Ho00000AXM6UIAX","2023-11-03T19:39:18.000Z","005Ho00000AXM6UIAX","","","","Html.Layouts.TwoColumnGrid","42308992549801950","","","",""
"a2CHo000006EyyJMAS","005Ho00000AXM6UIAX","","TwoColumnGrid","2023-11-03T15:06:43.000Z","005Ho00000AXM6UIAX","2023-11-03T19:39:18.000Z","005Ho00000AXM6UIAX","","","","Html.Layouts.TwoColumnGrid","42454570284339677","","","",""
"a2CHo000006EyyKMAS","005Ho00000AXM6UIAX","","TwoColumnGrid","2023-11-03T15:06:43.000Z","005Ho00000AXM6UIAX","2023-11-03T19:39:18.000Z","005Ho00000AXM6UIAX","","","","Html.Layouts.TwoColumnGrid","42453693613926510","","","",""
"a2CHo000006EyyMMAS","005Ho00000AXM6UIAX","","NoLayout","2023-11-03T15:06:43.000Z","005Ho00000AXM6UIAX","2023-11-03T19:39:18.000Z","005Ho00000AXM6UIAX","","","","Html.Layouts.NoLayout","12171602764632749","","","",""
"a2CHo000006EyyNMAS","005Ho00000AXM6UIAX","","TableLayout","2023-11-03T15:06:43.000Z","005Ho00000AXM6UIAX","2023-11-03T19:39:18.000Z","005Ho00000AXM6UIAX","","","","Html.Layouts.TableLayout","59501602764632749","","","",""
"a2CHo000006EyyOMAS","005Ho00000AXM6UIAX","","TwoColumnGrid","2023-11-03T15:06:43.000Z","005Ho00000AXM6UIAX","2023-11-03T19:39:18.000Z","005Ho00000AXM6UIAX","","","","Html.Layouts.TwoColumnGrid","53931602764632750","","","",""
"a2CHo000006EyyPMAS","005Ho00000AXM6UIAX","","TwoColumnGrid","2023-11-03T15:06:43.000Z","005Ho00000AXM6UIAX","2023-11-03T19:39:18.000Z","005Ho00000AXM6UIAX","","","","Html.Layouts.TwoColumnGrid","87661602764632750","","","",""
"a2CHo000006EyyQMAS","005Ho00000AXM6UIAX","","TwoColumnGrid","2023-11-03T15:06:43.000Z","005Ho00000AXM6UIAX","2023-11-03T19:39:18.000Z","005Ho00000AXM6UIAX","","","","Html.Layouts.TwoColumnGrid","50641602764632750","","","",""
"a2CHo000006EyyRMAS","005Ho00000AXM6UIAX","","TwoColumnGrid","2023-11-03T15:06:43.000Z","005Ho00000AXM6UIAX","2023-11-03T19:39:18.000Z","005Ho00000AXM6UIAX","","","","Html.Layouts.TwoColumnGrid","22451602764632751","","","",""
"a2CHo000006EyySMAS","005Ho00000AXM6UIAX","","TwoColumnGrid","2023-11-03T15:06:43.000Z","005Ho00000AXM6UIAX","2023-11-03T19:39:18.000Z","005Ho00000AXM6UIAX","","","","Html.Layouts.TwoColumnGrid","35811602764632751","","","",""
"a2CHo000006EyyTMAS","005Ho00000AXM6UIAX","","TwoColumnGrid","2023-11-03T15:06:43.000Z","005Ho00000AXM6UIAX","2023-11-03T19:39:18.000Z","005Ho00000AXM6UIAX","","","","Html.Layouts.TwoColumnGrid","42680237611365754","","","",""
"a2CHo000006EyyUMAS","005Ho00000AXM6UIAX","","NoLayout","2023-11-03T15:06:43.000Z","005Ho00000AXM6UIAX","2023-11-03T19:39:18.000Z","005Ho00000AXM6UIAX","","","","Html.Layouts.NoLayout","42355286100240985","","","",""
"a2CHo000006EyyVMAS","005Ho00000AXM6UIAX","","TableLayout","2023-11-03T15:06:43.000Z","005Ho00000AXM6UIAX","2023-11-03T19:39:18.000Z","005Ho00000AXM6UIAX","","","","Html.Layouts.TableLayout","42947786325594547","","","",""
"a2CHo000006EyyWMAS","005Ho00000AXM6UIAX","","TwoColumnGrid","2023-11-03T15:06:43.000Z","005Ho00000AXM6UIAX","2023-11-03T19:39:18.000Z","005Ho00000AXM6UIAX","","","","Html.Layouts.TwoColumnGrid","42906196989033914","","","",""
"a2CHo000006EyyXMAS","005Ho00000AXM6UIAX","","NoLayout","2023-11-03T15:06:43.000Z","005Ho00000AXM6UIAX","2023-11-03T19:39:18.000Z","005Ho00000AXM6UIAX","","","","Html.Layouts.NoLayout","42862234882196379","","","",""
"a2CHo000006EyyYMAS","005Ho00000AXM6UIAX","","TableLayout","2023-11-03T15:06:43.000Z","005Ho00000AXM6UIAX","2023-11-03T19:39:18.000Z","005Ho00000AXM6UIAX","","","","Html.Layouts.TableLayout","42703925217393977","","","",""
"a2CHo000006EyyZMAS","005Ho00000AXM6UIAX","","TwoColumnGrid","2023-11-03T15:06:43.000Z","005Ho00000AXM6UIAX","2023-11-03T19:39:18.000Z","005Ho00000AXM6UIAX","","","","Html.Layouts.TwoColumnGrid","42302507463710979","","","",""
"a2CHo000006EyyaMAC","005Ho00000AXM6UIAX","","SingleColumnGrid","2023-11-03T15:06:43.000Z","005Ho00000AXM6UIAX","2023-11-03T19:39:18.000Z","005Ho00000AXM6UIAX","","","","Html.Layouts.SingleColumnGrid","42308017323013700","","","",""
"a2CHo000006EyybMAC","005Ho00000AXM6UIAX","","TwoColumnGrid","2023-11-03T15:06:43.000Z","005Ho00000AXM6UIAX","2023-11-03T19:39:18.000Z","005Ho00000AXM6UIAX","","","","Html.Layouts.TwoColumnGrid","42077767532154854","","","",""
"a2CHo000006EyycMAC","005Ho00000AXM6UIAX","","TwoColumnGrid","2023-11-03T15:06:43.000Z","005Ho00000AXM6UIAX","2023-11-03T19:39:18.000Z","005Ho00000AXM6UIAX","","","","Html.Layouts.TwoColumnGrid","42321943043921851","","","",""
"a2CHo000006EyyeMAC","005Ho00000AXM6UIAX","","TwoColumnGrid","2023-11-03T15:06:43.000Z","005Ho00000AXM6UIAX","2023-11-03T19:39:18.000Z","005Ho00000AXM6UIAX","","","","Html.Layouts.TwoColumnGrid","42353363477886389","","","",""
"a2CHo000006EyyfMAC","005Ho00000AXM6UIAX","","TwoColumnGrid","2023-11-03T15:06:43.000Z","005Ho00000AXM6UIAX","2023-11-03T19:39:18.000Z","005Ho00000AXM6UIAX","","","","Html.Layouts.TwoColumnGrid","42700378412662271","","","",""
"a2CHo000006EyygMAC","005Ho00000AXM6UIAX","","SingleColumnGrid","2023-11-03T15:06:43.000Z","005Ho00000AXM6UIAX","2023-11-03T19:39:18.000Z","005Ho00000AXM6UIAX","","","","Html.Layouts.SingleColumnGrid","42357645984692203","","","",""
"a2CHo000006EyyhMAC","005Ho00000AXM6UIAX","","TwoColumnGrid","2023-11-03T15:06:43.000Z","005Ho00000AXM6UIAX","2023-11-03T19:39:18.000Z","005Ho00000AXM6UIAX","","","","Html.Layouts.TwoColumnGrid","42587220335995984","","","",""
"a2CHo000006EyyiMAC","005Ho00000AXM6UIAX","","TwoColumnGrid","2023-11-03T15:06:43.000Z","005Ho00000AXM6UIAX","2023-11-03T19:39:18.000Z","005Ho00000AXM6UIAX","","","","Html.Layouts.TwoColumnGrid","42569088921272805","","","",""
"a2CHo000006EyykMAC","005Ho00000AXM6UIAX","","SingleColumnGrid","2023-11-03T15:06:43.000Z","005Ho00000AXM6UIAX","2023-11-03T19:39:18.000Z","005Ho00000AXM6UIAX","","","","Html.Layouts.SingleColumnGrid","42049778531697351","","","",""
"a2CHo000006EyylMAC","005Ho00000AXM6UIAX","","SingleColumnGrid","2023-11-03T15:06:43.000Z","005Ho00000AXM6UIAX","2023-11-03T19:39:18.000Z","005Ho00000AXM6UIAX","","","","Html.Layouts.SingleColumnGrid","42634280521843181","","","",""
"a2CHo000006EyymMAC","005Ho00000AXM6UIAX","","SingleColumnGrid","2023-11-03T15:06:43.000Z","005Ho00000AXM6UIAX","2023-11-03T19:39:18.000Z","005Ho00000AXM6UIAX","","","","Html.Layouts.SingleColumnGrid","42346647361388186","","","",""
"a2CHo000006EyynMAC","005Ho00000AXM6UIAX","","SingleColumnGrid","2023-11-03T15:06:43.000Z","005Ho00000AXM6UIAX","2023-11-03T19:39:18.000Z","005Ho00000AXM6UIAX","","","","Html.Layouts.SingleColumnGrid","42167734081199139","","","",""
"a2CHo000006EyyoMAC","005Ho00000AXM6UIAX","","SingleColumnGrid","2023-11-03T15:06:43.000Z","005Ho00000AXM6UIAX","2023-11-03T19:39:18.000Z","005Ho00000AXM6UIAX","","","","Html.Layouts.SingleColumnGrid","42724904033443594","","","",""
"a2CHo000006EyypMAC","005Ho00000AXM6UIAX","","SingleColumnGrid","2023-11-03T15:06:43.000Z","005Ho00000AXM6UIAX","2023-11-03T19:39:18.000Z","005Ho00000AXM6UIAX","","","","Html.Layouts.SingleColumnGrid","42994925524539932","","","",""
"a2CHo000006EyyqMAC","005Ho00000AXM6UIAX","","NoLayout","2023-11-03T15:06:43.000Z","005Ho00000AXM6UIAX","2023-11-03T19:39:18.000Z","005Ho00000AXM6UIAX","","","","Html.Layouts.NoLayout","42860285675441683","","","",""
"a2CHo000006EyyrMAC","005Ho00000AXM6UIAX","","SingleColumnGrid","2023-11-03T15:06:43.000Z","005Ho00000AXM6UIAX","2023-11-03T19:39:18.000Z","005Ho00000AXM6UIAX","","","","Html.Layouts.SingleColumnGrid","42152098944337295","","","",""
"a2CHo000006EyywMAC","005Ho00000AXM6UIAX","","TwoColumnGrid","2023-11-03T15:06:44.000Z","005Ho00000AXM6UIAX","2023-11-03T19:39:18.000Z","005Ho00000AXM6UIAX","","","","Html.Layouts.TwoColumnGrid","42187572563637373","","","",""
"a2CHo000006EyyxMAC","005Ho00000AXM6UIAX","","TwoColumnGrid","2023-11-03T15:06:44.000Z","005Ho00000AXM6UIAX","2023-11-03T19:39:18.000Z","005Ho00000AXM6UIAX","","","","Html.Layouts.TwoColumnGrid","42795558359180652","","","",""
"a2CHo000006EyyyMAC","005Ho00000AXM6UIAX","","TwoColumnGrid","2023-11-03T15:06:44.000Z","005Ho00000AXM6UIAX","2023-11-03T19:39:18.000Z","005Ho00000AXM6UIAX","","","","Html.Layouts.TwoColumnGrid","42646790953445764","","","",""
"a2CHo000006EyyzMAC","005Ho00000AXM6UIAX","","TwoColumnGrid","2023-11-03T15:06:44.000Z","005Ho00000AXM6UIAX","2023-11-03T19:39:18.000Z","005Ho00000AXM6UIAX","","","","Html.Layouts.TwoColumnGrid","42360706734362601","","","",""
"a2CHo000006Eyz2MAC","005Ho00000AXM6UIAX","","TwoColumnGrid","2023-11-03T15:06:44.000Z","005Ho00000AXM6UIAX","2023-11-03T19:39:18.000Z","005Ho00000AXM6UIAX","","","","Html.Layouts.TwoColumnGrid","42472819914221310","","","",""
"a2CHo000006Eyz3MAC","005Ho00000AXM6UIAX","","TwoColumnGrid","2023-11-03T15:06:44.000Z","005Ho00000AXM6UIAX","2023-11-03T19:39:18.000Z","005Ho00000AXM6UIAX","","","","Html.Layouts.TwoColumnGrid","42871331299078687","","","",""
"a2CHo000006Eyz4MAC","005Ho00000AXM6UIAX","","TwoColumnGrid","2023-11-03T15:06:44.000Z","005Ho00000AXM6UIAX","2023-11-03T19:39:18.000Z","005Ho00000AXM6UIAX","","","","Html.Layouts.TwoColumnGrid","42326801912139728","","","",""
"a2CHo000006Eyz5MAC","005Ho00000AXM6UIAX","","TwoColumnGrid","2023-11-03T15:06:44.000Z","005Ho00000AXM6UIAX","2023-11-03T19:39:18.000Z","005Ho00000AXM6UIAX","","","","Html.Layouts.TwoColumnGrid","54351598553324419","","","",""
"a2CHo000006Ez10MAC","005Ho00000AXM6UIAX","","TwoColumnGrid","2023-11-03T15:06:44.000Z","005Ho00000AXM6UIAX","2023-11-03T19:39:18.000Z","005Ho00000AXM6UIAX","","","","Html.Layouts.TwoColumnGrid","79131640791249089","","","",""
"a2CHo000006Ez1IMAS","005Ho00000AXM6UIAX","","TwoColumnGrid","2023-11-03T15:06:44.000Z","005Ho00000AXM6UIAX","2023-11-03T19:39:18.000Z","005Ho00000AXM6UIAX","","","","Html.Layouts.TwoColumnGrid","42739137446768966","","","",""
"a2CHo000006Ez1JMAS","005Ho00000AXM6UIAX","","TwoColumnGrid","2023-11-03T15:06:44.000Z","005Ho00000AXM6UIAX","2023-11-03T19:39:18.000Z","005Ho00000AXM6UIAX","","","","Html.Layouts.TwoColumnGrid","42218481547635998","","","",""
"a2CHo000006Ez1KMAS","005Ho00000AXM6UIAX","","TwoColumnGrid","2023-11-03T15:06:44.000Z","005Ho00000AXM6UIAX","2023-11-03T19:39:18.000Z","005Ho00000AXM6UIAX","","","","Html.Layouts.TwoColumnGrid","42808771650148973","","","",""
"a2CHo000006Ez1LMAS","005Ho00000AXM6UIAX","","TwoColumnGrid","2023-11-03T15:06:44.000Z","005Ho00000AXM6UIAX","2023-11-03T19:39:18.000Z","005Ho00000AXM6UIAX","","","","Html.Layouts.TwoColumnGrid","42916548357494910","","","",""
"a2CHo000006Ez1MMAS","005Ho00000AXM6UIAX","","TwoColumnGrid","2023-11-03T15:06:44.000Z","005Ho00000AXM6UIAX","2023-11-03T19:39:18.000Z","005Ho00000AXM6UIAX","","","","Html.Layouts.TwoColumnGrid","42371766173373588","","","",""
"a2CHo000006Ez1NMAS","005Ho00000AXM6UIAX","","TwoColumnGrid","2023-11-03T15:06:44.000Z","005Ho00000AXM6UIAX","2023-11-03T19:39:18.000Z","005Ho00000AXM6UIAX","","","","Html.Layouts.TwoColumnGrid","42509802156038037","","","",""
"a2CHo000006Ez1OMAS","005Ho00000AXM6UIAX","","SingleColumnGrid","2023-11-03T15:06:44.000Z","005Ho00000AXM6UIAX","2023-11-03T19:39:18.000Z","005Ho00000AXM6UIAX","","","","Html.Layouts.SingleColumnGrid","42871516170196910","","","",""
"a2CHo000006Ez1PMAS","005Ho00000AXM6UIAX","","TwoColumnGrid","2023-11-03T15:06:44.000Z","005Ho00000AXM6UIAX","2023-11-03T19:39:18.000Z","005Ho00000AXM6UIAX","","","","Html.Layouts.TwoColumnGrid","42761867190697237","","","",""
"a2CHo000006Ez1QMAS","005Ho00000AXM6UIAX","","TwoColumnGrid","2023-11-03T15:06:44.000Z","005Ho00000AXM6UIAX","2023-11-03T19:39:18.000Z","005Ho00000AXM6UIAX","","","","Html.Layouts.TwoColumnGrid","42860378863234536","","","",""
"a2CHo000006Ez1RMAS","005Ho00000AXM6UIAX","","TwoColumnGrid","2023-11-03T15:06:44.000Z","005Ho00000AXM6UIAX","2023-11-03T19:39:18.000Z","005Ho00000AXM6UIAX","","","","Html.Layouts.TwoColumnGrid","42871113006623488","","","",""
"a2CHo000006Ez1SMAS","005Ho00000AXM6UIAX","","TwoColumnGrid","2023-11-03T15:06:44.000Z","005Ho00000AXM6UIAX","2023-11-03T19:39:18.000Z","005Ho00000AXM6UIAX","","","","Html.Layouts.TwoColumnGrid","42412629831471282","","","",""
"a2CHo000006Ez1TMAS","005Ho00000AXM6UIAX","","TwoColumnGrid","2023-11-03T15:06:44.000Z","005Ho00000AXM6UIAX","2023-11-03T19:39:18.000Z","005Ho00000AXM6UIAX","","","","Html.Layouts.TwoColumnGrid","42662115597579130","","","",""
"a2CHo000006Ez1UMAS","005Ho00000AXM6UIAX","","TwoColumnGrid","2023-11-03T15:06:44.000Z","005Ho00000AXM6UIAX","2023-11-03T19:39:18.000Z","005Ho00000AXM6UIAX","","","","Html.Layouts.TwoColumnGrid","42478706974656600","","","",""
"a2CHo000006Ez1VMAS","005Ho00000AXM6UIAX","","TwoColumnGrid","2023-11-03T15:06:44.000Z","005Ho00000AXM6UIAX","2023-11-03T19:39:18.000Z","005Ho00000AXM6UIAX","","","","Html.Layouts.TwoColumnGrid","42202916001968287","","","",""
"a2CHo000006Ez1cMAC","005Ho00000AXM6UIAX","","TwoColumnGrid","2023-11-03T15:06:44.000Z","005Ho00000AXM6UIAX","2023-11-03T19:39:18.000Z","005Ho00000AXM6UIAX","","","","Html.Layouts.TwoColumnGrid","42833603594217218","","","",""
"a2CHo000006Ez1jMAC","005Ho00000AXM6UIAX","","TwoColumnGrid","2023-11-03T15:06:44.000Z","005Ho00000AXM6UIAX","2023-11-03T19:39:18.000Z","005Ho00000AXM6UIAX","","","","Html.Layouts.TwoColumnGrid","15531663700626749","","","",""
"a2CHo000006Ez1kMAC","005Ho00000AXM6UIAX","","TwoColumnGrid","2023-11-03T15:06:44.000Z","005Ho00000AXM6UIAX","2023-11-03T19:39:18.000Z","005Ho00000AXM6UIAX","","","","Html.Layouts.TwoColumnGrid","52611663700626750","","","",""
"a2CHo000006Ez1lMAC","005Ho00000AXM6UIAX","","TwoColumnGrid","2023-11-03T15:06:44.000Z","005Ho00000AXM6UIAX","2023-11-03T19:39:18.000Z","005Ho00000AXM6UIAX","","","","Html.Layouts.TwoColumnGrid","92691663700626750","","","",""
"a2CHo000006Ez1mMAC","005Ho00000AXM6UIAX","","TwoColumnGrid","2023-11-03T15:06:44.000Z","005Ho00000AXM6UIAX","2023-11-03T19:39:18.000Z","005Ho00000AXM6UIAX","","","","Html.Layouts.TwoColumnGrid","46701663700626751","","","",""
"a2CHo000006Ez1nMAC","005Ho00000AXM6UIAX","","TwoColumnGrid","2023-11-03T15:06:44.000Z","005Ho00000AXM6UIAX","2023-11-03T19:39:18.000Z","005Ho00000AXM6UIAX","","","","Html.Layouts.TwoColumnGrid","11821663700626751","","","",""
"a2CHo000006Ez1oMAC","005Ho00000AXM6UIAX","","NoLayout","2023-11-03T15:06:44.000Z","005Ho00000AXM6UIAX","2023-11-03T19:39:18.000Z","005Ho00000AXM6UIAX","","","","Html.Layouts.NoLayout","60531663700626751","","","",""
"a2CHo000006Ez1pMAC","005Ho00000AXM6UIAX","","TableLayout","2023-11-03T15:06:44.000Z","005Ho00000AXM6UIAX","2023-11-03T19:39:18.000Z","005Ho00000AXM6UIAX","","","","Html.Layouts.TableLayout","18881663700626752","","","",""
"a2CHo000006Ez1qMAC","005Ho00000AXM6UIAX","","NoLayout","2023-11-03T15:06:44.000Z","005Ho00000AXM6UIAX","2023-11-03T19:39:18.000Z","005Ho00000AXM6UIAX","","","","Html.Layouts.NoLayout","26681663700626752","","","",""
"a2CHo000006Ez1rMAC","005Ho00000AXM6UIAX","","SingleColumnGrid","2023-11-03T15:06:44.000Z","005Ho00000AXM6UIAX","2023-11-03T19:39:18.000Z","005Ho00000AXM6UIAX","","","","Html.Layouts.SingleColumnGrid","47641663700626752","","","",""
"a2CHo000006Ez1tMAC","005Ho00000AXM6UIAX","","NoLayout","2023-11-03T15:06:44.000Z","005Ho00000AXM6UIAX","2023-11-03T19:39:18.000Z","005Ho00000AXM6UIAX","","","","Html.Layouts.NoLayout","19751663700626753","","","",""
"a2CHo000006Ez1uMAC","005Ho00000AXM6UIAX","","TableLayout","2023-11-03T15:06:44.000Z","005Ho00000AXM6UIAX","2023-11-03T19:39:18.000Z","005Ho00000AXM6UIAX","","","","Html.Layouts.TableLayout","68261663700626753","","","",""
"a2CHo000006Ez1xMAC","005Ho00000AXM6UIAX","","SingleColumnGrid","2023-11-03T15:06:44.000Z","005Ho00000AXM6UIAX","2023-11-03T19:39:18.000Z","005Ho00000AXM6UIAX","","","","Html.Layouts.SingleColumnGrid","19811666029078570","","","",""
"a2CHo000006Ez1yMAC","005Ho00000AXM6UIAX","","TwoColumnGrid","2023-11-03T15:06:44.000Z","005Ho00000AXM6UIAX","2023-11-03T19:39:18.000Z","005Ho00000AXM6UIAX","","","","Html.Layouts.TwoColumnGrid","39161666029078571","","","",""
"a2CHo000006Ez1zMAC","005Ho00000AXM6UIAX","","TwoColumnGrid","2023-11-03T15:06:44.000Z","005Ho00000AXM6UIAX","2023-11-03T19:39:18.000Z","005Ho00000AXM6UIAX","","","","Html.Layouts.TwoColumnGrid","28431666029078571","","","",""
"a2CHo000006Ez20MAC","005Ho00000AXM6UIAX","","TwoColumnGrid","2023-11-03T15:06:44.000Z","005Ho00000AXM6UIAX","2023-11-03T19:39:18.000Z","005Ho00000AXM6UIAX","","","","Html.Layouts.TwoColumnGrid","17201666029078572","","","",""
"a2CHo000006Ez21MAC","005Ho00000AXM6UIAX","","SingleColumnGrid","2023-11-03T15:06:44.000Z","005Ho00000AXM6UIAX","2023-11-03T19:39:18.000Z","005Ho00000AXM6UIAX","","","","Html.Layouts.SingleColumnGrid","68961666029078574","","","",""
"a2CHo000006Ez22MAC","005Ho00000AXM6UIAX","","TwoColumnGrid","2023-11-03T15:06:44.000Z","005Ho00000AXM6UIAX","2023-11-03T19:39:18.000Z","005Ho00000AXM6UIAX","","","","Html.Layouts.TwoColumnGrid","01081666029078575","","","",""
"a2CHo000006Ez23MAC","005Ho00000AXM6UIAX","","TwoColumnGrid","2023-11-03T15:06:44.000Z","005Ho00000AXM6UIAX","2023-11-03T19:39:18.000Z","005Ho00000AXM6UIAX","","","","Html.Layouts.TwoColumnGrid","62191666029078576","","","",""
"a2CHo000006Ez24MAC","005Ho00000AXM6UIAX","","SingleColumnGrid","2023-11-03T15:06:44.000Z","005Ho00000AXM6UIAX","2023-11-03T19:39:18.000Z","005Ho00000AXM6UIAX","","","","Html.Layouts.SingleColumnGrid","57771666029078577","","","",""
"a2CHo000006Ez25MAC","005Ho00000AXM6UIAX","","TwoColumnGrid","2023-11-03T15:06:44.000Z","005Ho00000AXM6UIAX","2023-11-03T19:39:18.000Z","005Ho00000AXM6UIAX","","","","Html.Layouts.TwoColumnGrid","20471666029078577","","","",""
"a2CHo000006Ez26MAC","005Ho00000AXM6UIAX","","SingleColumnGrid","2023-11-03T15:06:44.000Z","005Ho00000AXM6UIAX","2023-11-03T19:39:18.000Z","005Ho00000AXM6UIAX","","","","Html.Layouts.SingleColumnGrid","42805621380555865","","","",""
"a2CHo000006Ez27MAC","005Ho00000AXM6UIAX","","TwoColumnGrid","2023-11-03T15:06:45.000Z","005Ho00000AXM6UIAX","2023-11-03T19:39:18.000Z","005Ho00000AXM6UIAX","","","","Html.Layouts.TwoColumnGrid","42132740410528679","","","",""
"a2CHo000006Ez28MAC","005Ho00000AXM6UIAX","","TwoColumnGrid","2023-11-03T15:06:45.000Z","005Ho00000AXM6UIAX","2023-11-03T19:39:18.000Z","005Ho00000AXM6UIAX","","","","Html.Layouts.TwoColumnGrid","42612538704765350","","","",""
"a2CHo000006Ez29MAC","005Ho00000AXM6UIAX","","TwoColumnGrid","2023-11-03T15:06:45.000Z","005Ho00000AXM6UIAX","2023-11-03T19:39:18.000Z","005Ho00000AXM6UIAX","","","","Html.Layouts.TwoColumnGrid","42465461062155941","","","",""
"a2CHo000006Ez2AMAS","005Ho00000AXM6UIAX","","TwoColumnGrid","2023-11-03T15:06:45.000Z","005Ho00000AXM6UIAX","2023-11-03T19:39:18.000Z","005Ho00000AXM6UIAX","","","","Html.Layouts.TwoColumnGrid","42973111114595046","","","",""
"a2CHo000006Ez2BMAS","005Ho00000AXM6UIAX","","TwoColumnGrid","2023-11-03T15:06:45.000Z","005Ho00000AXM6UIAX","2023-11-03T19:39:18.000Z","005Ho00000AXM6UIAX","","","","Html.Layouts.TwoColumnGrid","42217617873433254","","","",""
"a2CHo000006Ez2CMAS","005Ho00000AXM6UIAX","","TwoColumnGrid","2023-11-03T15:06:45.000Z","005Ho00000AXM6UIAX","2023-11-03T19:39:18.000Z","005Ho00000AXM6UIAX","","","","Html.Layouts.TwoColumnGrid","42662037678474974","","","",""
"a2CHo000006Ez2DMAS","005Ho00000AXM6UIAX","","TwoColumnGrid","2023-11-03T15:06:45.000Z","005Ho00000AXM6UIAX","2023-11-03T19:39:18.000Z","005Ho00000AXM6UIAX","","","","Html.Layouts.TwoColumnGrid","42539430516670390","","","",""
"a2CHo000006Ez2EMAS","005Ho00000AXM6UIAX","","TwoColumnGrid","2023-11-03T15:06:45.000Z","005Ho00000AXM6UIAX","2023-11-03T19:39:18.000Z","005Ho00000AXM6UIAX","","","","Html.Layouts.TwoColumnGrid","42276018993413618","","","",""
"a2CHo000006Ez2FMAS","005Ho00000AXM6UIAX","","TwoColumnGrid","2023-11-03T15:06:45.000Z","005Ho00000AXM6UIAX","2023-11-03T19:39:18.000Z","005Ho00000AXM6UIAX","","","","Html.Layouts.TwoColumnGrid","42608010739447931","","","",""
